symbols	gene_id	Species	Gene_Name
MEF2B	100271849	Homo sapiens	myocyte enhancer factor 2B(MEF2B)
HRAS	3265	Homo sapiens	HRas proto-oncogene, GTPase(HRAS)
MEF2A	4205	Homo sapiens	myocyte enhancer factor 2A(MEF2A)
SC5D	6309	Homo sapiens	sterol-C5-desaturase(SC5D)
BTD	686	Homo sapiens	biotinidase(BTD)
SCN3B	55800	Homo sapiens	sodium voltage-gated channel beta subunit 3(SCN3B)
OSMR	9180	Homo sapiens	oncostatin M receptor(OSMR)
MED25	81857	Homo sapiens	mediator complex subunit 25(MED25)
PGAM2	5224	Homo sapiens	phosphoglycerate mutase 2(PGAM2)
GFER	2671	Homo sapiens	growth factor, augmenter of liver regeneration(GFER)
SART3	9733	Homo sapiens	squamous cell carcinoma antigen recognized by T-cells 3(SART3)
SLC52A3	113278	Homo sapiens	solute carrier family 52 member 3(SLC52A3)
B2M	567	Homo sapiens	beta-2-microglobulin(B2M)
BTK	695	Homo sapiens	Bruton tyrosine kinase(BTK)
AGTR2	186	Homo sapiens	angiotensin II receptor type 2(AGTR2)
HMCN1	83872	Homo sapiens	hemicentin 1(HMCN1)
CUL7	9820	Homo sapiens	cullin 7(CUL7)
FOXF1	2294	Homo sapiens	forkhead box F1(FOXF1)
PIK3CA	5290	Homo sapiens	phosphatidylinositol-4,5-bisphosphate 3-kinase catalytic subunit alpha(PIK3CA)
PDHA1	5160	Homo sapiens	pyruvate dehydrogenase (lipoamide) alpha 1(PDHA1)
ROS1	6098	Homo sapiens	ROS proto-oncogene 1, receptor tyrosine kinase(ROS1)
STAG2	10735	Homo sapiens	stromal antigen 2(STAG2)
RAB27A	5873	Homo sapiens	RAB27A, member RAS oncogene family(RAB27A)
CDH23	64072	Homo sapiens	cadherin related 23(CDH23)
IKBKAP	8518	Homo sapiens	inhibitor of kappa light polypeptide gene enhancer in B-cells, kinase complex-associated protein(IKBKAP)
BRAF	673	Homo sapiens	B-Raf proto-oncogene, serine/threonine kinase(BRAF)
KIF5A	3798	Homo sapiens	kinesin family member 5A(KIF5A)
PIK3CB	5291	Homo sapiens	phosphatidylinositol-4,5-bisphosphate 3-kinase catalytic subunit beta(PIK3CB)
TMIE	259236	Homo sapiens	transmembrane inner ear(TMIE)
NODAL	4838	Homo sapiens	nodal growth differentiation factor(NODAL)
PIK3CD	5293	Homo sapiens	phosphatidylinositol-4,5-bisphosphate 3-kinase catalytic subunit delta(PIK3CD)
MED12	9968	Homo sapiens	mediator complex subunit 12(MED12)
MECP2	4204	Homo sapiens	methyl-CpG binding protein 2(MECP2)
F8	2157	Homo sapiens	coagulation factor VIII(F8)
F9	2158	Homo sapiens	coagulation factor IX(F9)
MYLK2	85366	Homo sapiens	myosin light chain kinase 2(MYLK2)
SERPING1	710	Homo sapiens	serpin family G member 1(SERPING1)
LIG4	3981	Homo sapiens	DNA ligase 4(LIG4)
F7	2155	Homo sapiens	coagulation factor VII(F7)
ERMAP	114625	Homo sapiens	erythroblast membrane associated protein (Scianna blood group)(ERMAP)
MAPK1	5594	Homo sapiens	mitogen-activated protein kinase 1(MAPK1)
NPC1	4864	Homo sapiens	NPC intracellular cholesterol transporter 1(NPC1)
UNC13D	201294	Homo sapiens	unc-13 homolog D(UNC13D)
NPC2	10577	Homo sapiens	NPC intracellular cholesterol transporter 2(NPC2)
F5	2153	Homo sapiens	coagulation factor V(F5)
SERPINF2	5345	Homo sapiens	serpin family F member 2(SERPINF2)
JUN	3725	Homo sapiens	Jun proto-oncogene, AP-1 transcription factor subunit(JUN)
MC2R	4158	Homo sapiens	melanocortin 2 receptor(MC2R)
HSD11B2	3291	Homo sapiens	hydroxysteroid 11-beta dehydrogenase 2(HSD11B2)
SHOX	6473	Homo sapiens	short stature homeobox(SHOX)
ADSL	158	Homo sapiens	adenylosuccinate lyase(ADSL)
PMP22	5376	Homo sapiens	peripheral myelin protein 22(PMP22)
ORAI1	84876	Homo sapiens	ORAI calcium release-activated calcium modulator 1(ORAI1)
HSD17B10	3028	Homo sapiens	hydroxysteroid 17-beta dehydrogenase 10(HSD17B10)
CYP1B1	1545	Homo sapiens	cytochrome P450 family 1 subfamily B member 1(CYP1B1)
SCN1B	6324	Homo sapiens	sodium voltage-gated channel beta subunit 1(SCN1B)
NFKBIA	4792	Homo sapiens	NFKB inhibitor alpha(NFKBIA)
CACNB2	783	Homo sapiens	calcium voltage-gated channel auxiliary subunit beta 2(CACNB2)
CACNB4	785	Homo sapiens	calcium voltage-gated channel auxiliary subunit beta 4(CACNB4)
ASL	435	Homo sapiens	argininosuccinate lyase(ASL)
ARFGEF2	10564	Homo sapiens	ADP ribosylation factor guanine nucleotide exchange factor 2(ARFGEF2)
PDSS1	23590	Homo sapiens	prenyl (decaprenyl) diphosphate synthase, subunit 1(PDSS1)
PDSS2	57107	Homo sapiens	prenyl (decaprenyl) diphosphate synthase, subunit 2(PDSS2)
ZNF513	130557	Homo sapiens	zinc finger protein 513(ZNF513)
ARX	170302	Homo sapiens	aristaless related homeobox(ARX)
ARG1	383	Homo sapiens	arginase 1(ARG1)
SLC29A3	55315	Homo sapiens	solute carrier family 29 member 3(SLC29A3)
RAC2	5880	Homo sapiens	ras-related C3 botulinum toxin substrate 2 (rho family, small GTP binding protein Rac2)(RAC2)
KLKB1	3818	Homo sapiens	kallikrein B1(KLKB1)
RAC1	5879	Homo sapiens	ras-related C3 botulinum toxin substrate 1 (rho family, small GTP binding protein Rac1)(RAC1)
IMPG2	50939	Homo sapiens	interphotoreceptor matrix proteoglycan 2(IMPG2)
ALDH4A1	8659	Homo sapiens	aldehyde dehydrogenase 4 family member A1(ALDH4A1)
LFNG	3955	Homo sapiens	LFNG O-fucosylpeptide 3-beta-N-acetylglucosaminyltransferase(LFNG)
SPOP	8405	Homo sapiens	speckle type BTB/POZ protein(SPOP)
RECQL4	9401	Homo sapiens	RecQ like helicase 4(RECQL4)
TECTA	7007	Homo sapiens	tectorin alpha(TECTA)
ASXL2	55252	Homo sapiens	additional sex combs like 2, transcriptional regulator(ASXL2)
ESRRB	2103	Homo sapiens	estrogen related receptor beta(ESRRB)
UPB1	51733	Homo sapiens	beta-ureidopropionase 1(UPB1)
EPM2A	7957	Homo sapiens	epilepsy, progressive myoclonus type 2A, Lafora disease (laforin)(EPM2A)
ASXL1	171023	Homo sapiens	additional sex combs like 1, transcriptional regulator(ASXL1)
GARS	2617	Homo sapiens	glycyl-tRNA synthetase(GARS)
UPK3A	7380	Homo sapiens	uroplakin 3A(UPK3A)
ATR	545	Homo sapiens	ATR serine/threonine kinase(ATR)
SERPINI1	5274	Homo sapiens	serpin family I member 1(SERPINI1)
ATM	472	Homo sapiens	ATM serine/threonine kinase(ATM)
GUCY2D	3000	Homo sapiens	guanylate cyclase 2D, retinal(GUCY2D)
CYP7B1	9420	Homo sapiens	cytochrome P450 family 7 subfamily B member 1(CYP7B1)
SRSF2	6427	Homo sapiens	serine and arginine rich splicing factor 2(SRSF2)
CYP17A1	1586	Homo sapiens	cytochrome P450 family 17 subfamily A member 1(CYP17A1)
MLYCD	23417	Homo sapiens	malonyl-CoA decarboxylase(MLYCD)
FOXRED1	55572	Homo sapiens	FAD dependent oxidoreductase domain containing 1(FOXRED1)
CYP2R1	120227	Homo sapiens	cytochrome P450 family 2 subfamily R member 1(CYP2R1)
RGS9	8787	Homo sapiens	regulator of G-protein signaling 9(RGS9)
GK	2710	Homo sapiens	glycerol kinase(GK)
FOXI1	2299	Homo sapiens	forkhead box I1(FOXI1)
OPRM1	4988	Homo sapiens	opioid receptor mu 1(OPRM1)
FGF8	2253	Homo sapiens	fibroblast growth factor 8(FGF8)
LZTS1	11178	Homo sapiens	leucine zipper tumor suppressor 1(LZTS1)
ELF3	1999	Homo sapiens	E74 like ETS transcription factor 3(ELF3)
LDLR	3949	Homo sapiens	low density lipoprotein receptor(LDLR)
FGF9	2254	Homo sapiens	fibroblast growth factor 9(FGF9)
EZH2	2146	Homo sapiens	enhancer of zeste 2 polycomb repressive complex 2 subunit(EZH2)
TCOF1	6949	Homo sapiens	treacle ribosome biogenesis factor 1(TCOF1)
TP63	8626	Homo sapiens	tumor protein p63(TP63)
ASAH1	427	Homo sapiens	N-acylsphingosine amidohydrolase 1(ASAH1)
TYR	7299	Homo sapiens	tyrosinase(TYR)
KISS1R	84634	Homo sapiens	KISS1 receptor(KISS1R)
SERPINA7	6906	Homo sapiens	serpin family A member 7(SERPINA7)
VKORC1	79001	Homo sapiens	vitamin K epoxide reductase complex subunit 1(VKORC1)
SLC22A4	6583	Homo sapiens	solute carrier family 22 member 4(SLC22A4)
BRD4	23476	Homo sapiens	bromodomain containing 4(BRD4)
SLC22A5	6584	Homo sapiens	solute carrier family 22 member 5(SLC22A5)
BHLHE41	79365	Homo sapiens	basic helix-loop-helix family member e41(BHLHE41)
ERRFI1	54206	Homo sapiens	ERBB receptor feedback inhibitor 1(ERRFI1)
FGF3	2248	Homo sapiens	fibroblast growth factor 3(FGF3)
IHH	3549	Homo sapiens	indian hedgehog(IHH)
FGF4	2249	Homo sapiens	fibroblast growth factor 4(FGF4)
GHR	2690	Homo sapiens	growth hormone receptor(GHR)
SH3PXD2B	285590	Homo sapiens	SH3 and PX domains 2B(SH3PXD2B)
HYAL1	3373	Homo sapiens	hyaluronoglucosaminidase 1(HYAL1)
AVP	551	Homo sapiens	arginine vasopressin(AVP)
AR	367	Homo sapiens	androgen receptor(AR)
HIST1H1C	3006	Homo sapiens	histone cluster 1 H1 family member c(HIST1H1C)
TP53	7157	Homo sapiens	tumor protein p53(TP53)
GIF	2694	Homo sapiens	gastric intrinsic factor(GIF)
CFTR	1080	Homo sapiens	cystic fibrosis transmembrane conductance regulator(CFTR)
DGUOK	1716	Homo sapiens	deoxyguanosine kinase(DGUOK)
WAS	7454	Homo sapiens	Wiskott-Aldrich syndrome(WAS)
MMP13	4322	Homo sapiens	matrix metallopeptidase 13(MMP13)
ARHGEF10	9639	Homo sapiens	Rho guanine nucleotide exchange factor 10(ARHGEF10)
MTRR	4552	Homo sapiens	5-methyltetrahydrofolate-homocysteine methyltransferase reductase(MTRR)
MYCN	4613	Homo sapiens	v-myc avian myelocytomatosis viral oncogene neuroblastoma derived homolog(MYCN)
BRWD3	254065	Homo sapiens	bromodomain and WD repeat domain containing 3(BRWD3)
CARD11	84433	Homo sapiens	caspase recruitment domain family member 11(CARD11)
MTMR14	64419	Homo sapiens	myotubularin related protein 14(MTMR14)
FANCD2	2177	Homo sapiens	Fanconi anemia complementation group D2(FANCD2)
DOK7	285489	Homo sapiens	docking protein 7(DOK7)
FOXC2	2303	Homo sapiens	forkhead box C2(FOXC2)
FOXC1	2296	Homo sapiens	forkhead box C1(FOXC1)
UROC1	131669	Homo sapiens	urocanate hydratase 1(UROC1)
C7	730	Homo sapiens	complement C7(C7)
C6	729	Homo sapiens	complement C6(C6)
TFR2	7036	Homo sapiens	transferrin receptor 2(TFR2)
ABHD5	51099	Homo sapiens	abhydrolase domain containing 5(ABHD5)
DPYS	1807	Homo sapiens	dihydropyrimidinase(DPYS)
NHLRC1	378884	Homo sapiens	NHL repeat containing E3 ubiquitin protein ligase 1(NHLRC1)
ZNF365	22891	Homo sapiens	zinc finger protein 365(ZNF365)
IL7R	3575	Homo sapiens	interleukin 7 receptor(IL7R)
SF3B1	23451	Homo sapiens	splicing factor 3b subunit 1(SF3B1)
DHCR7	1717	Homo sapiens	7-dehydrocholesterol reductase(DHCR7)
MPDU1	9526	Homo sapiens	mannose-P-dolichol utilization defect 1(MPDU1)
PKD1	5310	Homo sapiens	polycystin 1, transient receptor potential channel interacting(PKD1)
DAZL	1618	Homo sapiens	deleted in azoospermia like(DAZL)
C2	717	Homo sapiens	complement C2(C2)
ACSL4	2182	Homo sapiens	acyl-CoA synthetase long-chain family member 4(ACSL4)
PAPSS2	9060	Homo sapiens	3'-phosphoadenosine 5'-phosphosulfate synthase 2(PAPSS2)
ABCA12	26154	Homo sapiens	ATP binding cassette subfamily A member 12(ABCA12)
ETFA	2108	Homo sapiens	electron transfer flavoprotein alpha subunit(ETFA)
USB1	79650	Homo sapiens	U6 snRNA biogenesis phosphodiesterase 1(USB1)
LMX1B	4010	Homo sapiens	LIM homeobox transcription factor 1 beta(LMX1B)
AXL	558	Homo sapiens	AXL receptor tyrosine kinase(AXL)
CYP4V2	285440	Homo sapiens	cytochrome P450 family 4 subfamily V member 2(CYP4V2)
MID1	4281	Homo sapiens	midline 1(MID1)
PHYH	5264	Homo sapiens	phytanoyl-CoA 2-hydroxylase(PHYH)
MANBA	4126	Homo sapiens	mannosidase beta(MANBA)
DOLK	22845	Homo sapiens	dolichol kinase(DOLK)
ATRX	546	Homo sapiens	ATRX, chromatin remodeler(ATRX)
SDHA	6389	Homo sapiens	succinate dehydrogenase complex flavoprotein subunit A(SDHA)
DUSP4	1846	Homo sapiens	dual specificity phosphatase 4(DUSP4)
SDHB	6390	Homo sapiens	succinate dehydrogenase complex iron sulfur subunit B(SDHB)
NRAS	4893	Homo sapiens	neuroblastoma RAS viral oncogene homolog(NRAS)
CSNK1D	1453	Homo sapiens	casein kinase 1 delta(CSNK1D)
GLA	2717	Homo sapiens	galactosidase alpha(GLA)
SDHC	6391	Homo sapiens	succinate dehydrogenase complex subunit C(SDHC)
ARAF	369	Homo sapiens	A-Raf proto-oncogene, serine/threonine kinase(ARAF)
SDHD	6392	Homo sapiens	succinate dehydrogenase complex subunit D(SDHD)
WHSC1L1	54904	Homo sapiens	Wolf-Hirschhorn syndrome candidate 1-like 1(WHSC1L1)
LRP6	4040	Homo sapiens	LDL receptor related protein 6(LRP6)
FOXE1	2304	Homo sapiens	forkhead box E1(FOXE1)
DYM	54808	Homo sapiens	dymeclin(DYM)
LRP8	7804	Homo sapiens	LDL receptor related protein 8(LRP8)
GAMT	2593	Homo sapiens	guanidinoacetate N-methyltransferase(GAMT)
DPYD	1806	Homo sapiens	dihydropyrimidine dehydrogenase(DPYD)
LRP2	4036	Homo sapiens	LDL receptor related protein 2(LRP2)
OGG1	4968	Homo sapiens	8-oxoguanine DNA glycosylase(OGG1)
PSAT1	29968	Homo sapiens	phosphoserine aminotransferase 1(PSAT1)
WNT7A	7476	Homo sapiens	Wnt family member 7A(WNT7A)
HPGD	3248	Homo sapiens	hydroxyprostaglandin dehydrogenase 15-(NAD)(HPGD)
LRP4	4038	Homo sapiens	LDL receptor related protein 4(LRP4)
LRP5	4041	Homo sapiens	LDL receptor related protein 5(LRP5)
GNA11	2767	Homo sapiens	G protein subunit alpha 11(GNA11)
PDX1	3651	Homo sapiens	pancreatic and duodenal homeobox 1(PDX1)
NR2E3	10002	Homo sapiens	nuclear receptor subfamily 2 group E member 3(NR2E3)
TGFB1	7040	Homo sapiens	transforming growth factor beta 1(TGFB1)
IFT122	55764	Homo sapiens	intraflagellar transport 122(IFT122)
CDKN2A	1029	Homo sapiens	cyclin dependent kinase inhibitor 2A(CDKN2A)
IDS	3423	Homo sapiens	iduronate 2-sulfatase(IDS)
CDKN2B	1030	Homo sapiens	cyclin dependent kinase inhibitor 2B(CDKN2B)
CDKN2C	1031	Homo sapiens	cyclin dependent kinase inhibitor 2C(CDKN2C)
TGFBI	7045	Homo sapiens	transforming growth factor beta induced(TGFBI)
PMS2	5395	Homo sapiens	PMS1 homolog 2, mismatch repair system component(PMS2)
PMS1	5378	Homo sapiens	PMS1 homolog 1, mismatch repair system component(PMS1)
COCH	1690	Homo sapiens	cochlin(COCH)
BCL10	8915	Homo sapiens	B-cell CLL/lymphoma 10(BCL10)
ZNF592	9640	Homo sapiens	zinc finger protein 592(ZNF592)
SLC33A1	9197	Homo sapiens	solute carrier family 33 member 1(SLC33A1)
FMR1	2332	Homo sapiens	fragile X mental retardation 1(FMR1)
HLA-A	3105	Homo sapiens	major histocompatibility complex, class I, A(HLA-A)
LRTOMT	220074	Homo sapiens	leucine rich transmembrane and O-methyltransferase domain containing(LRTOMT)
PNPLA2	57104	Homo sapiens	patatin like phospholipase domain containing 2(PNPLA2)
HLA-B	3106	Homo sapiens	major histocompatibility complex, class I, B(HLA-B)
RNASEH2A	10535	Homo sapiens	ribonuclease H2 subunit A(RNASEH2A)
RNASEH2B	79621	Homo sapiens	ribonuclease H2 subunit B(RNASEH2B)
RNASEH2C	84153	Homo sapiens	ribonuclease H2 subunit C(RNASEH2C)
PNPLA6	10908	Homo sapiens	patatin like phospholipase domain containing 6(PNPLA6)
EVC2	132884	Homo sapiens	EvC ciliary complex subunit 2(EVC2)
EP300	2033	Homo sapiens	E1A binding protein p300(EP300)
LRAT	9227	Homo sapiens	lecithin retinol acyltransferase (phosphatidylcholine--retinol O-acyltransferase)(LRAT)
PRCD	768206	Homo sapiens	progressive rod-cone degeneration(PRCD)
TFAP2B	7021	Homo sapiens	transcription factor AP-2 beta(TFAP2B)
MGA	23269	Homo sapiens	MGA, MAX dimerization protein(MGA)
NEU1	4758	Homo sapiens	neuraminidase 1(NEU1)
NFE2L2	4780	Homo sapiens	nuclear factor, erythroid 2 like 2(NFE2L2)
RNF135	84282	Homo sapiens	ring finger protein 135(RNF135)
EDA	1896	Homo sapiens	ectodysplasin A(EDA)
LRRK2	120892	Homo sapiens	leucine rich repeat kinase 2(LRRK2)
SMARCA4	6597	Homo sapiens	SWI/SNF related, matrix associated, actin dependent regulator of chromatin, subfamily a, member 4(SMARCA4)
PHKA2	5256	Homo sapiens	phosphorylase kinase regulatory subunit alpha 2(PHKA2)
RAB7A	7879	Homo sapiens	RAB7A, member RAS oncogene family(RAB7A)
FGD1	2245	Homo sapiens	FYVE, RhoGEF and PH domain containing 1(FGD1)
ELAC2	60528	Homo sapiens	elaC ribonuclease Z 2(ELAC2)
ADAMTSL2	9719	Homo sapiens	ADAMTS like 2(ADAMTSL2)
LITAF	9516	Homo sapiens	lipopolysaccharide induced TNF factor(LITAF)
PHKA1	5255	Homo sapiens	phosphorylase kinase regulatory subunit alpha 1(PHKA1)
BMPR2	659	Homo sapiens	bone morphogenetic protein receptor type 2(BMPR2)
ABCA1	19	Homo sapiens	ATP binding cassette subfamily A member 1(ABCA1)
ABCA4	24	Homo sapiens	ATP binding cassette subfamily A member 4(ABCA4)
ABCA3	21	Homo sapiens	ATP binding cassette subfamily A member 3(ABCA3)
G6PC3	92579	Homo sapiens	glucose-6-phosphatase catalytic subunit 3(G6PC3)
FBXW7	55294	Homo sapiens	F-box and WD repeat domain containing 7(FBXW7)
IL12RB1	3594	Homo sapiens	interleukin 12 receptor subunit beta 1(IL12RB1)
SMARCB1	6598	Homo sapiens	SWI/SNF related, matrix associated, actin dependent regulator of chromatin, subfamily b, member 1(SMARCB1)
PRKRA	8575	Homo sapiens	protein activator of interferon induced protein kinase EIF2AK2(PRKRA)
SCN9A	6335	Homo sapiens	sodium voltage-gated channel alpha subunit 9(SCN9A)
B3GLCT	145173	Homo sapiens	beta 3-glucosyltransferase(B3GLCT)
FKRP	79147	Homo sapiens	fukutin related protein(FKRP)
FGD4	121512	Homo sapiens	FYVE, RhoGEF and PH domain containing 4(FGD4)
FKTN	2218	Homo sapiens	fukutin(FKTN)
CCM2	83605	Homo sapiens	CCM2 scaffolding protein(CCM2)
MYO1A	4640	Homo sapiens	myosin IA(MYO1A)
EHMT1	79813	Homo sapiens	euchromatic histone lysine methyltransferase 1(EHMT1)
CUBN	8029	Homo sapiens	cubilin(CUBN)
FOXA1	3169	Homo sapiens	forkhead box A1(FOXA1)
MET	4233	Homo sapiens	MET proto-oncogene, receptor tyrosine kinase(MET)
BRIP1	83990	Homo sapiens	BRCA1 interacting protein C-terminal helicase 1(BRIP1)
BFSP2	8419	Homo sapiens	beaded filament structural protein 2(BFSP2)
BPGM	669	Homo sapiens	bisphosphoglycerate mutase(BPGM)
ABCB7	22	Homo sapiens	ATP binding cassette subfamily B member 7(ABCB7)
MMAB	326625	Homo sapiens	methylmalonic aciduria (cobalamin deficiency) cblB type(MMAB)
MMAA	166785	Homo sapiens	methylmalonic aciduria (cobalamin deficiency) cblA type(MMAA)
ATP7A	538	Homo sapiens	ATPase copper transporting alpha(ATP7A)
IKBKE	9641	Homo sapiens	inhibitor of kappa light polypeptide gene enhancer in B-cells, kinase epsilon(IKBKE)
LAMP2	3920	Homo sapiens	lysosomal associated membrane protein 2(LAMP2)
CDKN1A	1026	Homo sapiens	cyclin dependent kinase inhibitor 1A(CDKN1A)
DSG4	147409	Homo sapiens	desmoglein 4(DSG4)
CDKN1B	1027	Homo sapiens	cyclin dependent kinase inhibitor 1B(CDKN1B)
FREM2	341640	Homo sapiens	FRAS1 related extracellular matrix protein 2(FREM2)
FAAH	2166	Homo sapiens	fatty acid amide hydrolase(FAAH)
FREM1	158326	Homo sapiens	FRAS1 related extracellular matrix 1(FREM1)
IKBKG	8517	Homo sapiens	inhibitor of kappa light polypeptide gene enhancer in B-cells, kinase gamma(IKBKG)
ABL1	25	Homo sapiens	ABL proto-oncogene 1, non-receptor tyrosine kinase(ABL1)
ATP7B	540	Homo sapiens	ATPase copper transporting beta(ATP7B)
PC	5091	Homo sapiens	pyruvate carboxylase(PC)
NDUFAF4	29078	Homo sapiens	NADH:ubiquinone oxidoreductase complex assembly factor 4(NDUFAF4)
NDUFAF5	79133	Homo sapiens	NADH:ubiquinone oxidoreductase complex assembly factor 5(NDUFAF5)
SLC45A2	51151	Homo sapiens	solute carrier family 45 member 2(SLC45A2)
MAD1L1	8379	Homo sapiens	MAD1 mitotic arrest deficient like 1(MAD1L1)
NDUFAF6	137682	Homo sapiens	NADH:ubiquinone oxidoreductase complex assembly factor 6(NDUFAF6)
RAI1	10743	Homo sapiens	retinoic acid induced 1(RAI1)
SLURP1	57152	Homo sapiens	secreted LY6/PLAUR domain containing 1(SLURP1)
ATL1	51062	Homo sapiens	atlastin GTPase 1(ATL1)
HR	55806	Homo sapiens	hair growth associated(HR)
PAX6	5080	Homo sapiens	paired box 6(PAX6)
PINK1	65018	Homo sapiens	PTEN induced putative kinase 1(PINK1)
PAX3	5077	Homo sapiens	paired box 3(PAX3)
NDUFAF3	25915	Homo sapiens	NADH:ubiquinone oxidoreductase complex assembly factor 3(NDUFAF3)
SLC1A3	6507	Homo sapiens	solute carrier family 1 member 3(SLC1A3)
SLC35D1	23169	Homo sapiens	solute carrier family 35 member D1(SLC35D1)
DKC1	1736	Homo sapiens	dyskerin pseudouridine synthase 1(DKC1)
WISP3	8838	Homo sapiens	WNT1 inducible signaling pathway protein 3(WISP3)
PAX8	7849	Homo sapiens	paired box 8(PAX8)
CASP8	841	Homo sapiens	caspase 8(CASP8)
ACAD8	27034	Homo sapiens	acyl-CoA dehydrogenase family member 8(ACAD8)
MAN2B1	4125	Homo sapiens	mannosidase alpha class 2B member 1(MAN2B1)
SUCLA2	8803	Homo sapiens	succinate-CoA ligase ADP-forming beta subunit(SUCLA2)
OCA2	4948	Homo sapiens	OCA2 melanosomal transmembrane protein(OCA2)
PPP2R1B	5519	Homo sapiens	protein phosphatase 2 scaffold subunit Abeta(PPP2R1B)
PPP2R1A	5518	Homo sapiens	protein phosphatase 2 scaffold subunit Aalpha(PPP2R1A)
ATPAF2	91647	Homo sapiens	ATP synthase mitochondrial F1 complex assembly factor 2(ATPAF2)
ACADM	34	Homo sapiens	acyl-CoA dehydrogenase, C-4 to C-12 straight chain(ACADM)
IFT80	57560	Homo sapiens	intraflagellar transport 80(IFT80)
ACADS	35	Homo sapiens	acyl-CoA dehydrogenase, C-2 to C-3 short chain(ACADS)
STXBP1	6812	Homo sapiens	syntaxin binding protein 1(STXBP1)
STXBP2	6813	Homo sapiens	syntaxin binding protein 2(STXBP2)
GAN	8139	Homo sapiens	gigaxonin(GAN)
PRPF3	9129	Homo sapiens	pre-mRNA processing factor 3(PRPF3)
EDAR	10913	Homo sapiens	ectodysplasin A receptor(EDAR)
ARL6	84100	Homo sapiens	ADP ribosylation factor like GTPase 6(ARL6)
NEXN	91624	Homo sapiens	nexilin F-actin binding protein(NEXN)
ACADL	33	Homo sapiens	acyl-CoA dehydrogenase, long chain(ACADL)
PMM2	5373	Homo sapiens	phosphomannomutase 2(PMM2)
KIF1B	23095	Homo sapiens	kinesin family member 1B(KIF1B)
PKLR	5313	Homo sapiens	pyruvate kinase, liver and RBC(PKLR)
SNRNP200	23020	Homo sapiens	small nuclear ribonucleoprotein U5 subunit 200(SNRNP200)
DDB2	1643	Homo sapiens	damage specific DNA binding protein 2(DDB2)
GAA	2548	Homo sapiens	glucosidase alpha, acid(GAA)
ZFPM2	23414	Homo sapiens	zinc finger protein, FOG family member 2(ZFPM2)
CA2	760	Homo sapiens	carbonic anhydrase 2(CA2)
OAT	4942	Homo sapiens	ornithine aminotransferase(OAT)
ETHE1	23474	Homo sapiens	ETHE1, persulfide dioxygenase(ETHE1)
CRLF1	9244	Homo sapiens	cytokine receptor like factor 1(CRLF1)
GDAP1	54332	Homo sapiens	ganglioside induced differentiation associated protein 1(GDAP1)
PRSS1	5644	Homo sapiens	protease, serine 1(PRSS1)
CLCNKA	1187	Homo sapiens	chloride voltage-gated channel Ka(CLCNKA)
CLCNKB	1188	Homo sapiens	chloride voltage-gated channel Kb(CLCNKB)
EGLN1	54583	Homo sapiens	egl-9 family hypoxia inducible factor 1(EGLN1)
ARID2	196528	Homo sapiens	AT-rich interaction domain 2(ARID2)
SHQ1	55164	Homo sapiens	SHQ1, H/ACA ribonucleoprotein assembly factor(SHQ1)
ATIC	471	Homo sapiens	5-aminoimidazole-4-carboxamide ribonucleotide formyltransferase/IMP cyclohydrolase(ATIC)
PRPF8	10594	Homo sapiens	pre-mRNA processing factor 8(PRPF8)
LEFTY2	7044	Homo sapiens	left-right determination factor 2(LEFTY2)
SCNN1G	6340	Homo sapiens	sodium channel epithelial 1 gamma subunit(SCNN1G)
SCNN1B	6338	Homo sapiens	sodium channel epithelial 1 beta subunit(SCNN1B)
SCNN1A	6337	Homo sapiens	sodium channel epithelial 1 alpha subunit(SCNN1A)
SCN5A	6331	Homo sapiens	sodium voltage-gated channel alpha subunit 5(SCN5A)
GBA	2629	Homo sapiens	glucosylceramidase beta(GBA)
CEBPA	1050	Homo sapiens	CCAAT/enhancer binding protein alpha(CEBPA)
AMHR2	269	Homo sapiens	anti-Mullerian hormone receptor type 2(AMHR2)
EBP	10682	Homo sapiens	emopamil binding protein (sterol isomerase)(EBP)
CNNM4	26504	Homo sapiens	cyclin and CBS domain divalent metal cation transport mediator 4(CNNM4)
OLR1	4973	Homo sapiens	oxidized low density lipoprotein receptor 1(OLR1)
CBL	867	Homo sapiens	Cbl proto-oncogene(CBL)
RAF1	5894	Homo sapiens	Raf-1 proto-oncogene, serine/threonine kinase(RAF1)
TMC1	117531	Homo sapiens	transmembrane channel like 1(TMC1)
BCS1L	617	Homo sapiens	BCS1 homolog, ubiquinol-cytochrome c reductase complex chaperone(BCS1L)
XPNPEP3	63929	Homo sapiens	X-prolyl aminopeptidase 3(XPNPEP3)
FIG4	9896	Homo sapiens	FIG4 phosphoinositide 5-phosphatase(FIG4)
FRZB	2487	Homo sapiens	frizzled-related protein(FRZB)
ADIPOQ	9370	Homo sapiens	adiponectin, C1Q and collagen domain containing(ADIPOQ)
CYBA	1535	Homo sapiens	cytochrome b-245 alpha chain(CYBA)
SLC35C1	55343	Homo sapiens	solute carrier family 35 member C1(SLC35C1)
CYBB	1536	Homo sapiens	cytochrome b-245 beta chain(CYBB)
ICK	22858	Homo sapiens	intestinal cell kinase(ICK)
SCN4B	6330	Homo sapiens	sodium voltage-gated channel beta subunit 4(SCN4B)
CUL4B	8450	Homo sapiens	cullin 4B(CUL4B)
MESP2	145873	Homo sapiens	mesoderm posterior bHLH transcription factor 2(MESP2)
SCN4A	6329	Homo sapiens	sodium voltage-gated channel alpha subunit 4(SCN4A)
SNTA1	6640	Homo sapiens	syntrophin alpha 1(SNTA1)
CBS	875	Homo sapiens	cystathionine-beta-synthase(CBS)
RAB3GAP2	25782	Homo sapiens	RAB3 GTPase activating non-catalytic protein subunit 2(RAB3GAP2)
GDF1	2657	Homo sapiens	growth differentiation factor 1(GDF1)
ALOXE3	59344	Homo sapiens	arachidonate lipoxygenase 3(ALOXE3)
PNKD	25953	Homo sapiens	paroxysmal nonkinesigenic dyskinesia(PNKD)
GDF6	392255	Homo sapiens	growth differentiation factor 6(GDF6)
STAT5B	6777	Homo sapiens	signal transducer and activator of transcription 5B(STAT5B)
GDF5	8200	Homo sapiens	growth differentiation factor 5(GDF5)
AURKC	6795	Homo sapiens	aurora kinase C(AURKC)
AURKA	6790	Homo sapiens	aurora kinase A(AURKA)
AURKB	9212	Homo sapiens	aurora kinase B(AURKB)
VPS33B	26276	Homo sapiens	VPS33B, late endosome and lysosome associated(VPS33B)
GLDC	2731	Homo sapiens	glycine decarboxylase(GLDC)
MYD88	4615	Homo sapiens	myeloid differentiation primary response 88(MYD88)
EIF1AX	1964	Homo sapiens	eukaryotic translation initiation factor 1A, X-linked(EIF1AX)
LCAT	3931	Homo sapiens	lecithin-cholesterol acyltransferase(LCAT)
WNK4	65266	Homo sapiens	WNK lysine deficient protein kinase 4(WNK4)
CCBE1	147372	Homo sapiens	collagen and calcium binding EGF domains 1(CCBE1)
DYNC2H1	79659	Homo sapiens	dynein cytoplasmic 2 heavy chain 1(DYNC2H1)
CEP290	80184	Homo sapiens	centrosomal protein 290(CEP290)
VPS13A	23230	Homo sapiens	vacuolar protein sorting 13 homolog A(VPS13A)
VPS13B	157680	Homo sapiens	vacuolar protein sorting 13 homolog B(VPS13B)
GLE1	2733	Homo sapiens	GLE1, RNA export mediator(GLE1)
WWOX	51741	Homo sapiens	WW domain containing oxidoreductase(WWOX)
MATN3	4148	Homo sapiens	matrilin 3(MATN3)
C1GALT1C1	29071	Homo sapiens	C1GALT1 specific chaperone 1(C1GALT1C1)
VANGL1	81839	Homo sapiens	VANGL planar cell polarity protein 1(VANGL1)
ABCB11	8647	Homo sapiens	ATP binding cassette subfamily B member 11(ABCB11)
VANGL2	57216	Homo sapiens	VANGL planar cell polarity protein 2(VANGL2)
KRT12	3859	Homo sapiens	keratin 12(KRT12)
OPTN	10133	Homo sapiens	optineurin(OPTN)
UBR1	197131	Homo sapiens	ubiquitin protein ligase E3 component n-recognin 1(UBR1)
DCTN1	1639	Homo sapiens	dynactin subunit 1(DCTN1)
PPARGC1B	133522	Homo sapiens	PPARG coactivator 1 beta(PPARGC1B)
PNKP	11284	Homo sapiens	polynucleotide kinase 3'-phosphatase(PNKP)
LHFPL5	222662	Homo sapiens	lipoma HMGIC fusion partner-like 5(LHFPL5)
CCR5	1234	Homo sapiens	C-C motif chemokine receptor 5 (gene/pseudogene)(CCR5)
COLQ	8292	Homo sapiens	collagen like tail subunit of asymmetric acetylcholinesterase(COLQ)
ATP2C1	27032	Homo sapiens	ATPase secretory pathway Ca2+ transporting 1(ATP2C1)
LPAR6	10161	Homo sapiens	lysophosphatidic acid receptor 6(LPAR6)
DLD	1738	Homo sapiens	dihydrolipoamide dehydrogenase(DLD)
PEX26	55670	Homo sapiens	peroxisomal biogenesis factor 26(PEX26)
VEGFA	7422	Homo sapiens	vascular endothelial growth factor A(VEGFA)
CCR2	729230	Homo sapiens	C-C motif chemokine receptor 2(CCR2)
NEK8	284086	Homo sapiens	NIMA related kinase 8(NEK8)
PRDM1	639	Homo sapiens	PR/SET domain 1(PRDM1)
BIN1	274	Homo sapiens	bridging integrator 1(BIN1)
EXT1	2131	Homo sapiens	exostosin glycosyltransferase 1(EXT1)
EXT2	2132	Homo sapiens	exostosin glycosyltransferase 2(EXT2)
CLCN2	1181	Homo sapiens	chloride voltage-gated channel 2(CLCN2)
ALDOB	229	Homo sapiens	aldolase, fructose-bisphosphate B(ALDOB)
XK	7504	Homo sapiens	X-linked Kx blood group(XK)
OCRL	4952	Homo sapiens	OCRL, inositol polyphosphate-5-phosphatase(OCRL)
GPR143	4935	Homo sapiens	G protein-coupled receptor 143(GPR143)
RIMS1	22999	Homo sapiens	regulating synaptic membrane exocytosis 1(RIMS1)
ACAT1	38	Homo sapiens	acetyl-CoA acetyltransferase 1(ACAT1)
ADA	100	Homo sapiens	adenosine deaminase(ADA)
EPHB2	2048	Homo sapiens	EPH receptor B2(EPHB2)
SLC11A2	4891	Homo sapiens	solute carrier family 11 member 2(SLC11A2)
SLC11A1	6556	Homo sapiens	solute carrier family 11 member 1(SLC11A1)
KRAS	3845	Homo sapiens	KRAS proto-oncogene, GTPase(KRAS)
DMD	1756	Homo sapiens	dystrophin(DMD)
LHX3	8022	Homo sapiens	LIM homeobox 3(LHX3)
IDH2	3418	Homo sapiens	isocitrate dehydrogenase (NADP(+)) 2, mitochondrial(IDH2)
LHX4	89884	Homo sapiens	LIM homeobox 4(LHX4)
IDH1	3417	Homo sapiens	isocitrate dehydrogenase (NADP(+)) 1, cytosolic(IDH1)
BCOR	54880	Homo sapiens	BCL6 corepressor(BCOR)
FBXO7	25793	Homo sapiens	F-box protein 7(FBXO7)
KLF6	1316	Homo sapiens	Kruppel like factor 6(KLF6)
TSEN54	283989	Homo sapiens	tRNA splicing endonuclease subunit 54(TSEN54)
IKZF1	10320	Homo sapiens	IKAROS family zinc finger 1(IKZF1)
GRXCR1	389207	Homo sapiens	glutaredoxin and cysteine rich domain containing 1(GRXCR1)
TP53BP1	7158	Homo sapiens	tumor protein p53 binding protein 1(TP53BP1)
FTO	79068	Homo sapiens	FTO, alpha-ketoglutarate dependent dioxygenase(FTO)
RYBP	23429	Homo sapiens	RING1 and YY1 binding protein(RYBP)
AFG3L2	10939	Homo sapiens	AFG3 like matrix AAA peptidase subunit 2(AFG3L2)
NOP10	55505	Homo sapiens	NOP10 ribonucleoprotein(NOP10)
KDR	3791	Homo sapiens	kinase insert domain receptor(KDR)
NTRK3	4916	Homo sapiens	neurotrophic receptor tyrosine kinase 3(NTRK3)
RNF6	6049	Homo sapiens	ring finger protein 6(RNF6)
PLA2G4A	5321	Homo sapiens	phospholipase A2 group IVA(PLA2G4A)
CCT5	22948	Homo sapiens	chaperonin containing TCP1 subunit 5(CCT5)
GBE1	2632	Homo sapiens	1,4-alpha-glucan branching enzyme 1(GBE1)
SRPX2	27286	Homo sapiens	sushi repeat containing protein, X-linked 2(SRPX2)
NTRK1	4914	Homo sapiens	neurotrophic receptor tyrosine kinase 1(NTRK1)
NTRK2	4915	Homo sapiens	neurotrophic receptor tyrosine kinase 2(NTRK2)
BCO1	53630	Homo sapiens	beta-carotene oxygenase 1(BCO1)
RIT1	6016	Homo sapiens	Ras like without CAAX 1(RIT1)
ALG10	84920	Homo sapiens	ALG10, alpha-1,2-glucosyltransferase(ALG10)
GHSR	2693	Homo sapiens	growth hormone secretagogue receptor(GHSR)
NCOR1	9611	Homo sapiens	nuclear receptor corepressor 1(NCOR1)
ALG12	79087	Homo sapiens	ALG12, alpha-1,6-mannosyltransferase(ALG12)
CLCN7	1186	Homo sapiens	chloride voltage-gated channel 7(CLCN7)
KLF1	10661	Homo sapiens	Kruppel like factor 1(KLF1)
KLF4	9314	Homo sapiens	Kruppel like factor 4(KLF4)
CLCN5	1184	Homo sapiens	chloride voltage-gated channel 5(CLCN5)
ARSB	411	Homo sapiens	arylsulfatase B(ARSB)
GJA8	2703	Homo sapiens	gap junction protein alpha 8(GJA8)
KCNJ18	100134444	Homo sapiens	potassium voltage-gated channel subfamily J member 18(KCNJ18)
ARSE	415	Homo sapiens	arylsulfatase E (chondrodysplasia punctata 1)(ARSE)
ACVRL1	94	Homo sapiens	activin A receptor like type 1(ACVRL1)
COX10	1352	Homo sapiens	COX10, heme A:farnesyltransferase cytochrome c oxidase assembly factor(COX10)
MYO7A	4647	Homo sapiens	myosin VIIA(MYO7A)
PPARG	5468	Homo sapiens	peroxisome proliferator activated receptor gamma(PPARG)
MYBPC3	4607	Homo sapiens	myosin binding protein C, cardiac(MYBPC3)
SHOC2	8036	Homo sapiens	SHOC2, leucine rich repeat scaffold protein(SHOC2)
KCNJ10	3766	Homo sapiens	potassium voltage-gated channel subfamily J member 10(KCNJ10)
ZEB2	9839	Homo sapiens	zinc finger E-box binding homeobox 2(ZEB2)
SLC26A2	1836	Homo sapiens	solute carrier family 26 member 2(SLC26A2)
PTEN	5728	Homo sapiens	phosphatase and tensin homolog(PTEN)
KCNJ11	3767	Homo sapiens	potassium voltage-gated channel subfamily J member 11(KCNJ11)
RFXANK	8625	Homo sapiens	regulatory factor X associated ankyrin containing protein(RFXANK)
SPINK5	11005	Homo sapiens	serine peptidase inhibitor, Kazal type 5(SPINK5)
KCNJ13	3769	Homo sapiens	potassium voltage-gated channel subfamily J member 13(KCNJ13)
GLI1	2735	Homo sapiens	GLI family zinc finger 1(GLI1)
MCCC2	64087	Homo sapiens	methylcrotonoyl-CoA carboxylase 2(MCCC2)
FXN	2395	Homo sapiens	frataxin(FXN)
HAMP	57817	Homo sapiens	hepcidin antimicrobial peptide(HAMP)
FANCI	55215	Homo sapiens	Fanconi anemia complementation group I(FANCI)
MCCC1	56922	Homo sapiens	methylcrotonoyl-CoA carboxylase 1(MCCC1)
SEMA3E	9723	Homo sapiens	semaphorin 3E(SEMA3E)
CHST14	113189	Homo sapiens	carbohydrate sulfotransferase 14(CHST14)
TUBB1	81027	Homo sapiens	tubulin beta 1 class VI(TUBB1)
FANCA	2175	Homo sapiens	Fanconi anemia complementation group A(FANCA)
TUBB3	10381	Homo sapiens	tubulin beta 3 class III(TUBB3)
FANCC	2176	Homo sapiens	Fanconi anemia complementation group C(FANCC)
RPGR	6103	Homo sapiens	retinitis pigmentosa GTPase regulator(RPGR)
APTX	54840	Homo sapiens	aprataxin(APTX)
RPGRIP1	57096	Homo sapiens	retinitis pigmentosa GTPase regulator interacting protein 1(RPGRIP1)
RAD50	10111	Homo sapiens	RAD50 double strand break repair protein(RAD50)
RBBP8	5932	Homo sapiens	RB binding protein 8, endonuclease(RBBP8)
SLC26A4	5172	Homo sapiens	solute carrier family 26 member 4(SLC26A4)
BSND	7809	Homo sapiens	barttin CLCNK type accessory beta subunit(BSND)
PROK2	60675	Homo sapiens	prokineticin 2(PROK2)
EFHC1	114327	Homo sapiens	EF-hand domain containing 1(EFHC1)
G6PC	2538	Homo sapiens	glucose-6-phosphatase catalytic subunit(G6PC)
BLMH	642	Homo sapiens	bleomycin hydrolase(BLMH)
G6PD	2539	Homo sapiens	glucose-6-phosphate dehydrogenase(G6PD)
CYP27A1	1593	Homo sapiens	cytochrome P450 family 27 subfamily A member 1(CYP27A1)
GRM6	2916	Homo sapiens	glutamate metabotropic receptor 6(GRM6)
PLA2G7	7941	Homo sapiens	phospholipase A2 group VII(PLA2G7)
PLA2G6	8398	Homo sapiens	phospholipase A2 group VI(PLA2G6)
UROD	7389	Homo sapiens	uroporphyrinogen decarboxylase(UROD)
SEMA4A	64218	Homo sapiens	semaphorin 4A(SEMA4A)
PPP6C	5537	Homo sapiens	protein phosphatase 6 catalytic subunit(PPP6C)
AVPR2	554	Homo sapiens	arginine vasopressin receptor 2(AVPR2)
DHH	50846	Homo sapiens	desert hedgehog(DHH)
OPN1LW	5956	Homo sapiens	opsin 1 (cone pigments), long-wave-sensitive(OPN1LW)
SLC39A13	91252	Homo sapiens	solute carrier family 39 member 13(SLC39A13)
UROS	7390	Homo sapiens	uroporphyrinogen III synthase(UROS)
CYP4F22	126410	Homo sapiens	cytochrome P450 family 4 subfamily F member 22(CYP4F22)
KIT	3815	Homo sapiens	KIT proto-oncogene receptor tyrosine kinase(KIT)
GJC2	57165	Homo sapiens	gap junction protein gamma 2(GJC2)
MFRP	83552	Homo sapiens	membrane frizzled-related protein(MFRP)
TPCN2	219931	Homo sapiens	two pore segment channel 2(TPCN2)
CYP27B1	1594	Homo sapiens	cytochrome P450 family 27 subfamily B member 1(CYP27B1)
BCL2	596	Homo sapiens	BCL2, apoptosis regulator(BCL2)
ETV1	2115	Homo sapiens	ETS variant 1(ETV1)
PEX13	5194	Homo sapiens	peroxisomal biogenesis factor 13(PEX13)
THAP1	55145	Homo sapiens	THAP domain containing 1(THAP1)
FUT1	2523	Homo sapiens	fucosyltransferase 1 (H blood group)(FUT1)
PEX12	5193	Homo sapiens	peroxisomal biogenesis factor 12(PEX12)
KIF21A	55605	Homo sapiens	kinesin family member 21A(KIF21A)
ETV6	2120	Homo sapiens	ETS variant 6(ETV6)
PEX10	5192	Homo sapiens	peroxisomal biogenesis factor 10(PEX10)
AGL	178	Homo sapiens	amylo-alpha-1, 6-glucosidase, 4-alpha-glucanotransferase(AGL)
MYO5B	4645	Homo sapiens	myosin VB(MYO5B)
PLEC	5339	Homo sapiens	plectin(PLEC)
NSDHL	50814	Homo sapiens	NAD(P) dependent steroid dehydrogenase-like(NSDHL)
AGA	175	Homo sapiens	aspartylglucosaminidase(AGA)
BCKDHA	593	Homo sapiens	branched chain keto acid dehydrogenase E1, alpha polypeptide(BCKDHA)
GDI1	2664	Homo sapiens	GDP dissociation inhibitor 1(GDI1)
ZFP57	346171	Homo sapiens	ZFP57 zinc finger protein(ZFP57)
SI	6476	Homo sapiens	sucrase-isomaltase(SI)
BCKDHB	594	Homo sapiens	branched chain keto acid dehydrogenase E1 subunit beta(BCKDHB)
OPN1MW	2652	Homo sapiens	opsin 1 (cone pigments), medium-wave-sensitive(OPN1MW)
GJB3	2707	Homo sapiens	gap junction protein beta 3(GJB3)
GJB4	127534	Homo sapiens	gap junction protein beta 4(GJB4)
GRIA3	2892	Homo sapiens	glutamate ionotropic receptor AMPA type subunit 3(GRIA3)
GJB6	10804	Homo sapiens	gap junction protein beta 6(GJB6)
GJB1	2705	Homo sapiens	gap junction protein beta 1(GJB1)
KHK	3795	Homo sapiens	ketohexokinase(KHK)
PROM1	8842	Homo sapiens	prominin 1(PROM1)
SLC16A2	6567	Homo sapiens	solute carrier family 16 member 2(SLC16A2)
COG4	25839	Homo sapiens	component of oligomeric golgi complex 4(COG4)
FCGR2B	2213	Homo sapiens	Fc fragment of IgG receptor IIb(FCGR2B)
FBLN5	10516	Homo sapiens	fibulin 5(FBLN5)
RAB35	11021	Homo sapiens	RAB35, member RAS oncogene family(RAB35)
ARSA	410	Homo sapiens	arylsulfatase A(ARSA)
PHGDH	26227	Homo sapiens	phosphoglycerate dehydrogenase(PHGDH)
PTCH1	5727	Homo sapiens	patched 1(PTCH1)
PTCH2	8643	Homo sapiens	patched 2(PTCH2)
ATP6V0A4	50617	Homo sapiens	ATPase H+ transporting V0 subunit a4(ATP6V0A4)
MYOD1	4654	Homo sapiens	myogenic differentiation 1(MYOD1)
CASR	846	Homo sapiens	calcium sensing receptor(CASR)
OCLN	100506658	Homo sapiens	occludin(OCLN)
SLC22A18	5002	Homo sapiens	solute carrier family 22 member 18(SLC22A18)
KERA	11081	Homo sapiens	keratocan(KERA)
SLC22A12	116085	Homo sapiens	solute carrier family 22 member 12(SLC22A12)
FOXO1	2308	Homo sapiens	forkhead box O1(FOXO1)
CASK	8573	Homo sapiens	calcium/calmodulin dependent serine protein kinase(CASK)
CNGB1	1258	Homo sapiens	cyclic nucleotide gated channel beta 1(CNGB1)
FLCN	201163	Homo sapiens	folliculin(FLCN)
CNGB3	54714	Homo sapiens	cyclic nucleotide gated channel beta 3(CNGB3)
GDNF	2668	Homo sapiens	glial cell derived neurotrophic factor(GDNF)
SETX	23064	Homo sapiens	senataxin(SETX)
AIP	9049	Homo sapiens	aryl hydrocarbon receptor interacting protein(AIP)
KRT81	3887	Homo sapiens	keratin 81(KRT81)
GATA1	2623	Homo sapiens	GATA binding protein 1(GATA1)
SLC25A20	788	Homo sapiens	solute carrier family 25 member 20(SLC25A20)
SLC16A1	6566	Homo sapiens	solute carrier family 16 member 1(SLC16A1)
WNT4	54361	Homo sapiens	Wnt family member 4(WNT4)
RAD21	5885	Homo sapiens	RAD21 cohesin complex component(RAD21)
PROP1	5626	Homo sapiens	PROP paired-like homeobox 1(PROP1)
GATA3	2625	Homo sapiens	GATA binding protein 3(GATA3)
SLC25A22	79751	Homo sapiens	solute carrier family 25 member 22(SLC25A22)
GATA4	2626	Homo sapiens	GATA binding protein 4(GATA4)
ROBO2	6092	Homo sapiens	roundabout guidance receptor 2(ROBO2)
MCOLN1	57192	Homo sapiens	mucolipin 1(MCOLN1)
ROBO3	64221	Homo sapiens	roundabout guidance receptor 3(ROBO3)
KRT85	3891	Homo sapiens	keratin 85(KRT85)
LGI1	9211	Homo sapiens	leucine rich glioma inactivated 1(LGI1)
KRT86	3892	Homo sapiens	keratin 86(KRT86)
KRT83	3889	Homo sapiens	keratin 83(KRT83)
ALDH6A1	4329	Homo sapiens	aldehyde dehydrogenase 6 family member A1(ALDH6A1)
FECH	2235	Homo sapiens	ferrochelatase(FECH)
FA2H	79152	Homo sapiens	fatty acid 2-hydroxylase(FA2H)
CST3	1471	Homo sapiens	cystatin C(CST3)
MOGS	7841	Homo sapiens	mannosyl-oligosaccharide glucosidase(MOGS)
CNGA3	1261	Homo sapiens	cyclic nucleotide gated channel alpha 3(CNGA3)
TCN2	6948	Homo sapiens	transcobalamin 2(TCN2)
MRE11	4361	Homo sapiens	MRE11 homolog, double strand break repair nuclease(MRE11)
TRIM37	4591	Homo sapiens	tripartite motif containing 37(TRIM37)
TRIM32	22954	Homo sapiens	tripartite motif containing 32(TRIM32)
CSTB	1476	Homo sapiens	cystatin B(CSTB)
SLC25A38	54977	Homo sapiens	solute carrier family 25 member 38(SLC25A38)
MVK	4598	Homo sapiens	mevalonate kinase(MVK)
SEPT9	10801	Homo sapiens	septin 9(SEPT9)
FGFR2	2263	Homo sapiens	fibroblast growth factor receptor 2(FGFR2)
CAV3	859	Homo sapiens	caveolin 3(CAV3)
FXYD2	486	Homo sapiens	FXYD domain containing ion transport regulator 2(FXYD2)
FGFR1	2260	Homo sapiens	fibroblast growth factor receptor 1(FGFR1)
FGFR4	2264	Homo sapiens	fibroblast growth factor receptor 4(FGFR4)
FGFR3	2261	Homo sapiens	fibroblast growth factor receptor 3(FGFR3)
BLM	641	Homo sapiens	Bloom syndrome RecQ like helicase(BLM)
ITGB2	3689	Homo sapiens	integrin subunit beta 2(ITGB2)
KARS	3735	Homo sapiens	lysyl-tRNA synthetase(KARS)
MUT	4594	Homo sapiens	methylmalonyl-CoA mutase(MUT)
GFM1	85476	Homo sapiens	G elongation factor mitochondrial 1(GFM1)
NPM1	4869	Homo sapiens	nucleophosmin(NPM1)
GNMT	27232	Homo sapiens	glycine N-methyltransferase(GNMT)
MMADHC	27249	Homo sapiens	methylmalonic aciduria and homocystinuria, cblD type(MMADHC)
MRPS22	56945	Homo sapiens	mitochondrial ribosomal protein S22(MRPS22)
RFX6	222546	Homo sapiens	regulatory factor X6(RFX6)
SACS	26278	Homo sapiens	sacsin molecular chaperone(SACS)
BRCA2	675	Homo sapiens	BRCA2, DNA repair associated(BRCA2)
TET2	54790	Homo sapiens	tet methylcytosine dioxygenase 2(TET2)
FOXP3	50943	Homo sapiens	forkhead box P3(FOXP3)
ARMS2	387715	Homo sapiens	age-related maculopathy susceptibility 2(ARMS2)
TET1	80312	Homo sapiens	tet methylcytosine dioxygenase 1(TET1)
FOXP1	27086	Homo sapiens	forkhead box P1(FOXP1)
BRCA1	672	Homo sapiens	BRCA1, DNA repair associated(BRCA1)
FOXP2	93986	Homo sapiens	forkhead box P2(FOXP2)
SLC25A12	8604	Homo sapiens	solute carrier family 25 member 12(SLC25A12)
SLC25A13	10165	Homo sapiens	solute carrier family 25 member 13(SLC25A13)
SLC4A11	83959	Homo sapiens	solute carrier family 4 member 11(SLC4A11)
SALL4	57167	Homo sapiens	spalt like transcription factor 4(SALL4)
SPTBN2	6712	Homo sapiens	spectrin beta, non-erythrocytic 2(SPTBN2)
SLC25A19	60386	Homo sapiens	solute carrier family 25 member 19(SLC25A19)
ANTXR2	118429	Homo sapiens	anthrax toxin receptor 2(ANTXR2)
ANTXR1	84168	Homo sapiens	anthrax toxin receptor 1(ANTXR1)
MTOR	2475	Homo sapiens	mechanistic target of rapamycin(MTOR)
PHEX	5251	Homo sapiens	phosphate regulating endopeptidase homolog, X-linked(PHEX)
PHF8	23133	Homo sapiens	PHD finger protein 8(PHF8)
SLC25A15	10166	Homo sapiens	solute carrier family 25 member 15(SLC25A15)
PHF6	84295	Homo sapiens	PHD finger protein 6(PHF6)
PRKAG3	53632	Homo sapiens	protein kinase AMP-activated non-catalytic subunit gamma 3(PRKAG3)
SLC5A5	6528	Homo sapiens	solute carrier family 5 member 5(SLC5A5)
GM2A	2760	Homo sapiens	GM2 ganglioside activator(GM2A)
POU6F2	11281	Homo sapiens	POU class 6 homeobox 2(POU6F2)
AMT	275	Homo sapiens	aminomethyltransferase(AMT)
PRKAG2	51422	Homo sapiens	protein kinase AMP-activated non-catalytic subunit gamma 2(PRKAG2)
RP1L1	94137	Homo sapiens	retinitis pigmentosa 1 like 1(RP1L1)
BCAM	4059	Homo sapiens	basal cell adhesion molecule (Lutheran blood group)(BCAM)
PPOX	5498	Homo sapiens	protoporphyrinogen oxidase(PPOX)
AMN	81693	Homo sapiens	amnion associated transmembrane protein(AMN)
DDR2	4921	Homo sapiens	discoidin domain receptor tyrosine kinase 2(DDR2)
EPCAM	4072	Homo sapiens	epithelial cell adhesion molecule(EPCAM)
FUBP1	8880	Homo sapiens	far upstream element binding protein 1(FUBP1)
CD96	10225	Homo sapiens	CD96 molecule(CD96)
CDK12	51755	Homo sapiens	cyclin dependent kinase 12(CDK12)
POU4F3	5459	Homo sapiens	POU class 4 homeobox 3(POU4F3)
TPO	7173	Homo sapiens	thyroid peroxidase(TPO)
MKKS	8195	Homo sapiens	McKusick-Kaufman syndrome(MKKS)
RANBP2	5903	Homo sapiens	RAN binding protein 2(RANBP2)
SRD5A2	6716	Homo sapiens	steroid 5 alpha-reductase 2(SRD5A2)
TUBA1A	7846	Homo sapiens	tubulin alpha 1a(TUBA1A)
ALX4	60529	Homo sapiens	ALX homeobox 4(ALX4)
ALX3	257	Homo sapiens	ALX homeobox 3(ALX3)
TERT	7015	Homo sapiens	telomerase reverse transcriptase(TERT)
NIPAL4	348938	Homo sapiens	NIPA like domain containing 4(NIPAL4)
KIRREL3	84623	Homo sapiens	kin of IRRE like 3 (Drosophila)(KIRREL3)
HPD	3242	Homo sapiens	4-hydroxyphenylpyruvate dioxygenase(HPD)
NLRP7	199713	Homo sapiens	NLR family pyrin domain containing 7(NLRP7)
HMBS	3145	Homo sapiens	hydroxymethylbilane synthase(HMBS)
OTC	5009	Homo sapiens	ornithine carbamoyltransferase(OTC)
COX4I2	84701	Homo sapiens	cytochrome c oxidase subunit 4I2(COX4I2)
CHST3	9469	Homo sapiens	carbohydrate sulfotransferase 3(CHST3)
PRKCH	5583	Homo sapiens	protein kinase C eta(PRKCH)
PFKM	5213	Homo sapiens	phosphofructokinase, muscle(PFKM)
NLRP3	114548	Homo sapiens	NLR family pyrin domain containing 3(NLRP3)
PALLD	23022	Homo sapiens	palladin, cytoskeletal associated protein(PALLD)
ALK	238	Homo sapiens	anaplastic lymphoma receptor tyrosine kinase(ALK)
ARHGAP26	23092	Homo sapiens	Rho GTPase activating protein 26(ARHGAP26)
NLRP1	22861	Homo sapiens	NLR family pyrin domain containing 1(NLRP1)
PROC	5624	Homo sapiens	protein C, inactivator of coagulation factors Va and VIIIa(PROC)
MFN2	9927	Homo sapiens	mitofusin 2(MFN2)
TMEM67	91147	Homo sapiens	transmembrane protein 67(TMEM67)
XPA	7507	Homo sapiens	XPA, DNA damage recognition and repair factor(XPA)
COQ2	27235	Homo sapiens	coenzyme Q2, polyprenyltransferase(COQ2)
PANK2	80025	Homo sapiens	pantothenate kinase 2(PANK2)
EYA1	2138	Homo sapiens	EYA transcriptional coactivator and phosphatase 1(EYA1)
XPC	7508	Homo sapiens	XPC complex subunit, DNA damage recognition and repair factor(XPC)
CHST6	4166	Homo sapiens	carbohydrate sulfotransferase 6(CHST6)
CFL2	1073	Homo sapiens	cofilin 2(CFL2)
GHRL	51738	Homo sapiens	ghrelin and obestatin prepropeptide(GHRL)
MDM2	4193	Homo sapiens	MDM2 proto-oncogene(MDM2)
MDM4	4194	Homo sapiens	MDM4, p53 regulator(MDM4)
UBE3A	7337	Homo sapiens	ubiquitin protein ligase E3A(UBE3A)
SLC37A4	2542	Homo sapiens	solute carrier family 37 member 4(SLC37A4)
AKAP9	10142	Homo sapiens	A-kinase anchoring protein 9(AKAP9)
DNAH5	1767	Homo sapiens	dynein axonemal heavy chain 5(DNAH5)
ERCC8	1161	Homo sapiens	ERCC excision repair 8, CSA ubiquitin ligase complex subunit(ERCC8)
MTM1	4534	Homo sapiens	myotubularin 1(MTM1)
ERCC6	2074	Homo sapiens	ERCC excision repair 6, chromatin remodeling factor(ERCC6)
DNAI1	27019	Homo sapiens	dynein axonemal intermediate chain 1(DNAI1)
COMP	1311	Homo sapiens	cartilage oligomeric matrix protein(COMP)
MAP3K1	4214	Homo sapiens	mitogen-activated protein kinase kinase kinase 1(MAP3K1)
OXCT1	5019	Homo sapiens	3-oxoacid CoA-transferase 1(OXCT1)
PIKFYVE	200576	Homo sapiens	phosphoinositide kinase, FYVE-type zinc finger containing(PIKFYVE)
IL2RG	3561	Homo sapiens	interleukin 2 receptor subunit gamma(IL2RG)
TGM5	9333	Homo sapiens	transglutaminase 5(TGM5)
GFI1	2672	Homo sapiens	growth factor independent 1 transcriptional repressor(GFI1)
SLC39A4	55630	Homo sapiens	solute carrier family 39 member 4(SLC39A4)
ERCC3	2071	Homo sapiens	ERCC excision repair 3, TFIIH core complex helicase subunit(ERCC3)
PIK3R3	8503	Homo sapiens	phosphoinositide-3-kinase regulatory subunit 3(PIK3R3)
ERCC4	2072	Homo sapiens	ERCC excision repair 4, endonuclease catalytic subunit(ERCC4)
PIK3R1	5295	Homo sapiens	phosphoinositide-3-kinase regulatory subunit 1(PIK3R1)
SCO2	9997	Homo sapiens	SCO2, cytochrome c oxidase assembly protein(SCO2)
PIK3R2	5296	Homo sapiens	phosphoinositide-3-kinase regulatory subunit 2(PIK3R2)
SCO1	6341	Homo sapiens	SCO1, cytochrome c oxidase assembly protein(SCO1)
APC	324	Homo sapiens	APC, WNT signaling pathway regulator(APC)
ERCC2	2068	Homo sapiens	ERCC excision repair 2, TFIIH core complex helicase subunit(ERCC2)
FOXL2	668	Homo sapiens	forkhead box L2(FOXL2)
HOGA1	112817	Homo sapiens	4-hydroxy-2-oxoglutarate aldolase 1(HOGA1)
KNSTRN	90417	Homo sapiens	kinetochore localized astrin/SPAG5 binding protein(KNSTRN)
PARK7	11315	Homo sapiens	Parkinsonism associated deglycase(PARK7)
VWF	7450	Homo sapiens	von Willebrand factor(VWF)
KRT74	121391	Homo sapiens	keratin 74(KRT74)
IRF6	3664	Homo sapiens	interferon regulatory factor 6(IRF6)
CDAN1	146059	Homo sapiens	codanin 1(CDAN1)
TMEM43	79188	Homo sapiens	transmembrane protein 43(TMEM43)
MPO	4353	Homo sapiens	myeloperoxidase(MPO)
MAPK8IP1	9479	Homo sapiens	mitogen-activated protein kinase 8 interacting protein 1(MAPK8IP1)
HIBCH	26275	Homo sapiens	3-hydroxyisobutyryl-CoA hydrolase(HIBCH)
BANK1	55024	Homo sapiens	B-cell scaffold protein with ankyrin repeats 1(BANK1)
MPL	4352	Homo sapiens	MPL proto-oncogene, thrombopoietin receptor(MPL)
BMPR1B	658	Homo sapiens	bone morphogenetic protein receptor type 1B(BMPR1B)
SH3BP2	6452	Homo sapiens	SH3 domain binding protein 2(SH3BP2)
BMPR1A	657	Homo sapiens	bone morphogenetic protein receptor type 1A(BMPR1A)
HGSNAT	138050	Homo sapiens	heparan-alpha-glucosaminide N-acetyltransferase(HGSNAT)
DLC1	10395	Homo sapiens	DLC1 Rho GTPase activating protein(DLC1)
RP1	6101	Homo sapiens	retinitis pigmentosa 1 (autosomal dominant)(RP1)
RFT1	91869	Homo sapiens	RFT1 homolog(RFT1)
XRCC2	7516	Homo sapiens	X-ray repair cross complementing 2(XRCC2)
TUBB2B	347733	Homo sapiens	tubulin beta 2B class IIb(TUBB2B)
MASP2	10747	Homo sapiens	mannan binding lectin serine peptidase 2(MASP2)
RP2	6102	Homo sapiens	retinitis pigmentosa 2 (X-linked recessive)(RP2)
LTBP4	8425	Homo sapiens	latent transforming growth factor beta binding protein 4(LTBP4)
RP9	6100	Homo sapiens	retinitis pigmentosa 9 (autosomal dominant)(RP9)
L1CAM	3897	Homo sapiens	L1 cell adhesion molecule(L1CAM)
MXI1	4601	Homo sapiens	MAX interactor 1, dimerization protein(MXI1)
CTNNB1	1499	Homo sapiens	catenin beta 1(CTNNB1)
FAH	2184	Homo sapiens	fumarylacetoacetate hydrolase(FAH)
KCNK9	51305	Homo sapiens	potassium two pore domain channel subfamily K member 9(KCNK9)
MAT1A	4143	Homo sapiens	methionine adenosyltransferase 1A(MAT1A)
PTPRJ	5795	Homo sapiens	protein tyrosine phosphatase, receptor type J(PTPRJ)
WNT10A	80326	Homo sapiens	Wnt family member 10A(WNT10A)
PHOX2B	8929	Homo sapiens	paired like homeobox 2b(PHOX2B)
OPA3	80207	Homo sapiens	optic atrophy 3 (autosomal recessive, with chorea and spastic paraplegia)(OPA3)
YARS	8565	Homo sapiens	tyrosyl-tRNA synthetase(YARS)
OPA1	4976	Homo sapiens	OPA1, mitochondrial dynamin like GTPase(OPA1)
NCF2	4688	Homo sapiens	neutrophil cytosolic factor 2(NCF2)
NCF1	653361	Homo sapiens	neutrophil cytosolic factor 1(NCF1)
EMG1	10436	Homo sapiens	EMG1, N1-specific pseudouridine methyltransferase(EMG1)
RXRA	6256	Homo sapiens	retinoid X receptor alpha(RXRA)
DPAGT1	1798	Homo sapiens	dolichyl-phosphate N-acetylglucosaminephosphotransferase 1(DPAGT1)
PTPRT	11122	Homo sapiens	protein tyrosine phosphatase, receptor type T(PTPRT)
PPP1R3A	5506	Homo sapiens	protein phosphatase 1 regulatory subunit 3A(PPP1R3A)
BCL2L11	10018	Homo sapiens	BCL2 like 11(BCL2L11)
MKS1	54903	Homo sapiens	Meckel syndrome, type 1(MKS1)
AAAS	8086	Homo sapiens	aladin WD repeat nucleoporin(AAAS)
RPS19	6223	Homo sapiens	ribosomal protein S19(RPS19)
PITPNM3	83394	Homo sapiens	PITPNM family member 3(PITPNM3)
HNF4A	3172	Homo sapiens	hepatocyte nuclear factor 4 alpha(HNF4A)
ST14	6768	Homo sapiens	suppression of tumorigenicity 14(ST14)
SMARCAL1	50485	Homo sapiens	SWI/SNF related, matrix associated, actin dependent regulator of chromatin, subfamily a like 1(SMARCAL1)
TGIF1	7050	Homo sapiens	TGFB induced factor homeobox 1(TGIF1)
PRODH	5625	Homo sapiens	proline dehydrogenase 1(PRODH)
ZNF41	7592	Homo sapiens	zinc finger protein 41(ZNF41)
TRAPPC2	6399	Homo sapiens	trafficking protein particle complex 2(TRAPPC2)
ACADSB	36	Homo sapiens	acyl-CoA dehydrogenase, short/branched chain(ACADSB)
NAGLU	4669	Homo sapiens	N-acetyl-alpha-glucosaminidase(NAGLU)
NAGS	162417	Homo sapiens	N-acetylglutamate synthase(NAGS)
ERBB4	2066	Homo sapiens	erb-b2 receptor tyrosine kinase 4(ERBB4)
ERBB3	2065	Homo sapiens	erb-b2 receptor tyrosine kinase 3(ERBB3)
ERBB2	2064	Homo sapiens	erb-b2 receptor tyrosine kinase 2(ERBB2)
HFE	3077	Homo sapiens	hemochromatosis(HFE)
PPT1	5538	Homo sapiens	palmitoyl-protein thioesterase 1(PPT1)
KCNJ2	3759	Homo sapiens	potassium voltage-gated channel subfamily J member 2(KCNJ2)
SDHAF2	54949	Homo sapiens	succinate dehydrogenase complex assembly factor 2(SDHAF2)
SDHAF1	644096	Homo sapiens	succinate dehydrogenase complex assembly factor 1(SDHAF1)
HADHA	3030	Homo sapiens	hydroxyacyl-CoA dehydrogenase/3-ketoacyl-CoA thiolase/enoyl-CoA hydratase (trifunctional protein), alpha subunit(HADHA)
KCNJ1	3758	Homo sapiens	potassium voltage-gated channel subfamily J member 1(KCNJ1)
HESX1	8820	Homo sapiens	HESX homeobox 1(HESX1)
NPHP3	27031	Homo sapiens	nephrocystin 3(NPHP3)
RPS26	6231	Homo sapiens	ribosomal protein S26(RPS26)
NPHP4	261734	Homo sapiens	nephrocystin 4(NPHP4)
MUSK	4593	Homo sapiens	muscle associated receptor tyrosine kinase(MUSK)
MYO15A	51168	Homo sapiens	myosin XVA(MYO15A)
ZDHHC9	51114	Homo sapiens	zinc finger DHHC-type containing 9(ZDHHC9)
TCF4	6925	Homo sapiens	transcription factor 4(TCF4)
DNMT3B	1789	Homo sapiens	DNA methyltransferase 3 beta(DNMT3B)
TCF3	6929	Homo sapiens	transcription factor 3(TCF3)
IQSEC2	23096	Homo sapiens	IQ motif and Sec7 domain 2(IQSEC2)
NPHP1	4867	Homo sapiens	nephrocystin 1(NPHP1)
DNMT3A	1788	Homo sapiens	DNA methyltransferase 3 alpha(DNMT3A)
IL23R	149233	Homo sapiens	interleukin 23 receptor(IL23R)
MAP2K1	5604	Homo sapiens	mitogen-activated protein kinase kinase 1(MAP2K1)
CYP2C9	1559	Homo sapiens	cytochrome P450 family 2 subfamily C member 9(CYP2C9)
MAP2K2	5605	Homo sapiens	mitogen-activated protein kinase kinase 2(MAP2K2)
TGFBR1	7046	Homo sapiens	transforming growth factor beta receptor 1(TGFBR1)
TGFBR2	7048	Homo sapiens	transforming growth factor beta receptor 2(TGFBR2)
MAP2K4	6416	Homo sapiens	mitogen-activated protein kinase kinase 4(MAP2K4)
KLF11	8462	Homo sapiens	Kruppel like factor 11(KLF11)
HGD	3081	Homo sapiens	homogentisate 1,2-dioxygenase(HGD)
PCDH15	65217	Homo sapiens	protocadherin related 15(PCDH15)
DLAT	1737	Homo sapiens	dihydrolipoamide S-acetyltransferase(DLAT)
PCDH19	57526	Homo sapiens	protocadherin 19(PCDH19)
KCNJ5	3762	Homo sapiens	potassium voltage-gated channel subfamily J member 5(KCNJ5)
NUBPL	80224	Homo sapiens	nucleotide binding protein like(NUBPL)
SYNE1	23345	Homo sapiens	spectrin repeat containing nuclear envelope protein 1(SYNE1)
SYNE2	23224	Homo sapiens	spectrin repeat containing nuclear envelope protein 2(SYNE2)
UPF3B	65109	Homo sapiens	UPF3 regulator of nonsense transcripts homolog B (yeast)(UPF3B)
APOL1	8542	Homo sapiens	apolipoprotein L1(APOL1)
HMGCS2	3158	Homo sapiens	3-hydroxy-3-methylglutaryl-CoA synthase 2(HMGCS2)
CD207	50489	Homo sapiens	CD207 molecule(CD207)
RAPSN	5913	Homo sapiens	receptor associated protein of the synapse(RAPSN)
UBA1	7317	Homo sapiens	ubiquitin like modifier activating enzyme 1(UBA1)
WDR62	284403	Homo sapiens	WD repeat domain 62(WDR62)
TRPS1	7227	Homo sapiens	transcriptional repressor GATA binding 1(TRPS1)
H3F3A	3020	Homo sapiens	H3 histone family member 3A(H3F3A)
TLL1	7092	Homo sapiens	tolloid like 1(TLL1)
SGSH	6448	Homo sapiens	N-sulfoglucosamine sulfohydrolase(SGSH)
STOX1	219736	Homo sapiens	storkhead box 1(STOX1)
HNF1A	6927	Homo sapiens	HNF1 homeobox A(HNF1A)
USH1G	124590	Homo sapiens	USH1 protein network component sans(USH1G)
BSCL2	26580	Homo sapiens	BSCL2, seipin lipid droplet biogenesis associated(BSCL2)
LATS1	9113	Homo sapiens	large tumor suppressor kinase 1(LATS1)
LATS2	26524	Homo sapiens	large tumor suppressor kinase 2(LATS2)
OFD1	8481	Homo sapiens	OFD1, centriole and centriolar satellite protein(OFD1)
CCNE1	898	Homo sapiens	cyclin E1(CCNE1)
POMGNT1	55624	Homo sapiens	protein O-linked mannose N-acetylglucosaminyltransferase 1 (beta 1,2-)(POMGNT1)
NOD2	64127	Homo sapiens	nucleotide binding oligomerization domain containing 2(NOD2)
WDR36	134430	Homo sapiens	WD repeat domain 36(WDR36)
XYLT2	64132	Homo sapiens	xylosyltransferase 2(XYLT2)
XYLT1	64131	Homo sapiens	xylosyltransferase 1(XYLT1)
TRPV4	59341	Homo sapiens	transient receptor potential cation channel subfamily V member 4(TRPV4)
STRA6	64220	Homo sapiens	stimulated by retinoic acid 6(STRA6)
MASTL	84930	Homo sapiens	microtubule associated serine/threonine kinase like(MASTL)
HSF4	3299	Homo sapiens	heat shock transcription factor 4(HSF4)
WDR35	57539	Homo sapiens	WD repeat domain 35(WDR35)
MYC	4609	Homo sapiens	v-myc avian myelocytomatosis viral oncogene homolog(MYC)
USH2A	7399	Homo sapiens	usherin(USH2A)
LARGE1	9215	Homo sapiens	LARGE xylosyl- and glucuronyltransferase 1(LARGE1)
MINPP1	9562	Homo sapiens	multiple inositol-polyphosphate phosphatase 1(MINPP1)
CLN3	1201	Homo sapiens	CLN3, battenin(CLN3)
STS	412	Homo sapiens	steroid sulfatase (microsomal), isozyme S(STS)
PEPD	5184	Homo sapiens	peptidase D(PEPD)
ARHGEF9	23229	Homo sapiens	Cdc42 guanine nucleotide exchange factor 9(ARHGEF9)
NECTIN4	81607	Homo sapiens	nectin cell adhesion molecule 4(NECTIN4)
BBS12	166379	Homo sapiens	Bardet-Biedl syndrome 12(BBS12)
GTF2H5	404672	Homo sapiens	general transcription factor IIH subunit 5(GTF2H5)
DARS2	55157	Homo sapiens	aspartyl-tRNA synthetase 2, mitochondrial(DARS2)
BBS10	79738	Homo sapiens	Bardet-Biedl syndrome 10(BBS10)
FLNB	2317	Homo sapiens	filamin B(FLNB)
SMN2	6607	Homo sapiens	survival of motor neuron 2, centromeric(SMN2)
FLNA	2316	Homo sapiens	filamin A(FLNA)
SMN1	6606	Homo sapiens	survival of motor neuron 1, telomeric(SMN1)
RDH5	5959	Homo sapiens	retinol dehydrogenase 5(RDH5)
CCND1	595	Homo sapiens	cyclin D1(CCND1)
CCND3	896	Homo sapiens	cyclin D3(CCND3)
GNAQ	2776	Homo sapiens	G protein subunit alpha q(GNAQ)
CCND2	894	Homo sapiens	cyclin D2(CCND2)
OTOF	9381	Homo sapiens	otoferlin(OTOF)
USH1C	10083	Homo sapiens	USH1 protein network component harmonin(USH1C)
SIL1	64374	Homo sapiens	SIL1 nucleotide exchange factor(SIL1)
AICDA	57379	Homo sapiens	activation induced cytidine deaminase(AICDA)
GNAS	2778	Homo sapiens	GNAS complex locus(GNAS)
NHEJ1	79840	Homo sapiens	non-homologous end joining factor 1(NHEJ1)
NSD1	64324	Homo sapiens	nuclear receptor binding SET domain protein 1(NSD1)
CLN8	2055	Homo sapiens	ceroid-lipofuscinosis, neuronal 8(CLN8)
CLN5	1203	Homo sapiens	ceroid-lipofuscinosis, neuronal 5(CLN5)
CLN6	54982	Homo sapiens	ceroid-lipofuscinosis, neuronal 6, late infantile, variant(CLN6)
TUFM	7284	Homo sapiens	Tu translation elongation factor, mitochondrial(TUFM)
HSD3B2	3284	Homo sapiens	hydroxy-delta-5-steroid dehydrogenase, 3 beta- and steroid delta-isomerase 2(HSD3B2)
MFSD8	256471	Homo sapiens	major facilitator superfamily domain containing 8(MFSD8)
HSD3B7	80270	Homo sapiens	hydroxy-delta-5-steroid dehydrogenase, 3 beta- and steroid delta-isomerase 7(HSD3B7)
FHL1	2273	Homo sapiens	four and a half LIM domains 1(FHL1)
ITM2B	9445	Homo sapiens	integral membrane protein 2B(ITM2B)
GPHN	10243	Homo sapiens	gephyrin(GPHN)
MMACHC	25974	Homo sapiens	methylmalonic aciduria (cobalamin deficiency) cblC type, with homocystinuria(MMACHC)
AMELX	265	Homo sapiens	amelogenin, X-linked(AMELX)
RNASET2	8635	Homo sapiens	ribonuclease T2(RNASET2)
SOS1	6654	Homo sapiens	SOS Ras/Rac guanine nucleotide exchange factor 1(SOS1)
PLEKHG5	57449	Homo sapiens	pleckstrin homology and RhoGEF domain containing G5(PLEKHG5)
PER2	8864	Homo sapiens	period circadian clock 2(PER2)
BUB1	699	Homo sapiens	BUB1 mitotic checkpoint serine/threonine kinase(BUB1)
PCSK9	255738	Homo sapiens	proprotein convertase subtilisin/kexin type 9(PCSK9)
KCNE2	9992	Homo sapiens	potassium voltage-gated channel subfamily E regulatory subunit 2(KCNE2)
DFNB59	494513	Homo sapiens	deafness, autosomal recessive 59(DFNB59)
HSD17B3	3293	Homo sapiens	hydroxysteroid 17-beta dehydrogenase 3(HSD17B3)
HSD17B4	3295	Homo sapiens	hydroxysteroid 17-beta dehydrogenase 4(HSD17B4)
TRIP11	9321	Homo sapiens	thyroid hormone receptor interactor 11(TRIP11)
GALNT12	79695	Homo sapiens	polypeptide N-acetylgalactosaminyltransferase 12(GALNT12)
RASA1	5921	Homo sapiens	RAS p21 protein activator 1(RASA1)
KCNE3	10008	Homo sapiens	potassium voltage-gated channel subfamily E regulatory subunit 3(KCNE3)
TMPRSS2	7113	Homo sapiens	transmembrane protease, serine 2(TMPRSS2)
AMACR	23600	Homo sapiens	alpha-methylacyl-CoA racemase(AMACR)
CTLA4	1493	Homo sapiens	cytotoxic T-lymphocyte associated protein 4(CTLA4)
RTN4R	65078	Homo sapiens	reticulon 4 receptor(RTN4R)
FTCD	10841	Homo sapiens	formimidoyltransferase cyclodeaminase(FTCD)
RICTOR	253260	Homo sapiens	RPTOR independent companion of MTOR complex 2(RICTOR)
TMPRSS6	164656	Homo sapiens	transmembrane protease, serine 6(TMPRSS6)
CPT1A	1374	Homo sapiens	carnitine palmitoyltransferase 1A(CPT1A)
TMPRSS3	64699	Homo sapiens	transmembrane protease, serine 3(TMPRSS3)
P2RY12	64805	Homo sapiens	purinergic receptor P2Y12(P2RY12)
RPS6KA3	6197	Homo sapiens	ribosomal protein S6 kinase A3(RPS6KA3)
NPHS2	7827	Homo sapiens	NPHS2, podocin(NPHS2)
MCFD2	90411	Homo sapiens	multiple coagulation factor deficiency 2(MCFD2)
NPHS1	4868	Homo sapiens	NPHS1, nephrin(NPHS1)
DPM1	8813	Homo sapiens	dolichyl-phosphate mannosyltransferase subunit 1, catalytic(DPM1)
DPM3	54344	Homo sapiens	dolichyl-phosphate mannosyltransferase subunit 3(DPM3)
CTNS	1497	Homo sapiens	cystinosin, lysosomal cystine transporter(CTNS)
HTR2C	3358	Homo sapiens	5-hydroxytryptamine receptor 2C(HTR2C)
DNM2	1785	Homo sapiens	dynamin 2(DNM2)
BARD1	580	Homo sapiens	BRCA1 associated RING domain 1(BARD1)
GNPTG	84572	Homo sapiens	N-acetylglucosamine-1-phosphate transferase gamma subunit(GNPTG)
XPO1	7514	Homo sapiens	exportin 1(XPO1)
NT5C3A	51251	Homo sapiens	5'-nucleotidase, cytosolic IIIA(NT5C3A)
SLC6A20	54716	Homo sapiens	solute carrier family 6 member 20(SLC6A20)
SLC7A9	11136	Homo sapiens	solute carrier family 7 member 9(SLC7A9)
TSPAN7	7102	Homo sapiens	tetraspanin 7(TSPAN7)
JAG1	182	Homo sapiens	jagged 1(JAG1)
BMP15	9210	Homo sapiens	bone morphogenetic protein 15(BMP15)
ZIC3	7547	Homo sapiens	Zic family member 3(ZIC3)
VCL	7414	Homo sapiens	vinculin(VCL)
SLC7A7	9056	Homo sapiens	solute carrier family 7 member 7(SLC7A7)
IGHMBP2	3508	Homo sapiens	immunoglobulin mu binding protein 2(IGHMBP2)
ASPA	443	Homo sapiens	aspartoacylase(ASPA)
B3GALNT1	8706	Homo sapiens	beta-1,3-N-acetylgalactosaminyltransferase 1 (globoside blood group)(B3GALNT1)
APOA5	116519	Homo sapiens	apolipoprotein A5(APOA5)
SAR1B	51128	Homo sapiens	secretion associated Ras related GTPase 1B(SAR1B)
HADH	3033	Homo sapiens	hydroxyacyl-CoA dehydrogenase(HADH)
RGR	5995	Homo sapiens	retinal G protein coupled receptor(RGR)
FLVCR2	55640	Homo sapiens	feline leukemia virus subgroup C cellular receptor family member 2(FLVCR2)
HMGCL	3155	Homo sapiens	3-hydroxymethyl-3-methylglutaryl-CoA lyase(HMGCL)
IDUA	3425	Homo sapiens	iduronidase, alpha-L-(IDUA)
EDARADD	128178	Homo sapiens	EDAR associated death domain(EDARADD)
EGFR	1956	Homo sapiens	epidermal growth factor receptor(EGFR)
RET	5979	Homo sapiens	ret proto-oncogene(RET)
IRS2	8660	Homo sapiens	insulin receptor substrate 2(IRS2)
SPTLC1	10558	Homo sapiens	serine palmitoyltransferase long chain base subunit 1(SPTLC1)
SPTLC2	9517	Homo sapiens	serine palmitoyltransferase long chain base subunit 2(SPTLC2)
ACTN4	81	Homo sapiens	actinin alpha 4(ACTN4)
TAZ	6901	Homo sapiens	tafazzin(TAZ)
FBP1	2203	Homo sapiens	fructose-bisphosphatase 1(FBP1)
SIX3	6496	Homo sapiens	SIX homeobox 3(SIX3)
HAL	3034	Homo sapiens	histidine ammonia-lyase(HAL)
DLL3	10683	Homo sapiens	delta like canonical Notch ligand 3(DLL3)
SIX5	147912	Homo sapiens	SIX homeobox 5(SIX5)
ARID1A	8289	Homo sapiens	AT-rich interaction domain 1A(ARID1A)
ARID1B	57492	Homo sapiens	AT-rich interaction domain 1B(ARID1B)
SIX6	4990	Homo sapiens	SIX homeobox 6(SIX6)
TAT	6898	Homo sapiens	tyrosine aminotransferase(TAT)
SLC34A3	142680	Homo sapiens	solute carrier family 34 member 3(SLC34A3)
HSPB8	26353	Homo sapiens	heat shock protein family B (small) member 8(HSPB8)
SIX1	6495	Homo sapiens	SIX homeobox 1(SIX1)
HSPB1	3315	Homo sapiens	heat shock protein family B (small) member 1(HSPB1)
HSPB3	8988	Homo sapiens	heat shock protein family B (small) member 3(HSPB3)
YARS2	51067	Homo sapiens	tyrosyl-tRNA synthetase 2(YARS2)
SLC40A1	30061	Homo sapiens	solute carrier family 40 member 1(SLC40A1)
XDH	7498	Homo sapiens	xanthine dehydrogenase(XDH)
BBS4	585	Homo sapiens	Bardet-Biedl syndrome 4(BBS4)
BBS5	129880	Homo sapiens	Bardet-Biedl syndrome 5(BBS5)
MPLKIP	136647	Homo sapiens	M-phase specific PLK1 interacting protein(MPLKIP)
ASS1	445	Homo sapiens	argininosuccinate synthase 1(ASS1)
BBS7	55212	Homo sapiens	Bardet-Biedl syndrome 7(BBS7)
STK11	6794	Homo sapiens	serine/threonine kinase 11(STK11)
TMEM216	51259	Homo sapiens	transmembrane protein 216(TMEM216)
BBS9	27241	Homo sapiens	Bardet-Biedl syndrome 9(BBS9)
APOC2	344	Homo sapiens	apolipoprotein C2(APOC2)
PAH	5053	Homo sapiens	phenylalanine hydroxylase(PAH)
OPN1SW	611	Homo sapiens	opsin 1 (cone pigments), short-wave-sensitive(OPN1SW)
VDR	7421	Homo sapiens	vitamin D (1,25- dihydroxyvitamin D3) receptor(VDR)
PDE6C	5146	Homo sapiens	phosphodiesterase 6C(PDE6C)
ECE1	1889	Homo sapiens	endothelin converting enzyme 1(ECE1)
NIPBL	25836	Homo sapiens	NIPBL, cohesin loading factor(NIPBL)
CRB1	23418	Homo sapiens	crumbs 1, cell polarity complex component(CRB1)
TEK	7010	Homo sapiens	TEK receptor tyrosine kinase(TEK)
RPL5	6125	Homo sapiens	ribosomal protein L5(RPL5)
SH3TC2	79628	Homo sapiens	SH3 domain and tetratricopeptide repeats 2(SH3TC2)
HCN4	10021	Homo sapiens	hyperpolarization activated cyclic nucleotide gated potassium channel 4(HCN4)
SUGCT	79783	Homo sapiens	succinyl-CoA:glutarate-CoA transferase(SUGCT)
B4GALT7	11285	Homo sapiens	beta-1,4-galactosyltransferase 7(B4GALT7)
AIPL1	23746	Homo sapiens	aryl hydrocarbon receptor interacting protein like 1(AIPL1)
EPAS1	2034	Homo sapiens	endothelial PAS domain protein 1(EPAS1)
EFEMP2	30008	Homo sapiens	EGF containing fibulin like extracellular matrix protein 2(EFEMP2)
TNFRSF13B	23495	Homo sapiens	TNF receptor superfamily member 13B(TNFRSF13B)
EFEMP1	2202	Homo sapiens	EGF containing fibulin like extracellular matrix protein 1(EFEMP1)
IDH3B	3420	Homo sapiens	isocitrate dehydrogenase 3 (NAD(+)) beta(IDH3B)
NIPA1	123606	Homo sapiens	non imprinted in Prader-Willi/Angelman syndrome 1(NIPA1)
WHSC1	7468	Homo sapiens	Wolf-Hirschhorn syndrome candidate 1(WHSC1)
DOCK8	81704	Homo sapiens	dedicator of cytokinesis 8(DOCK8)
NEUROG3	50674	Homo sapiens	neurogenin 3(NEUROG3)
ANKH	56172	Homo sapiens	ANKH inorganic pyrophosphate transport regulator(ANKH)
SLC6A19	340024	Homo sapiens	solute carrier family 6 member 19(SLC6A19)
SELENON	57190	Homo sapiens	selenoprotein N(SELENON)
TNFSF11	8600	Homo sapiens	tumor necrosis factor superfamily member 11(TNFSF11)
TSC1	7248	Homo sapiens	tuberous sclerosis 1(TSC1)
VCP	7415	Homo sapiens	valosin containing protein(VCP)
TSC2	7249	Homo sapiens	tuberous sclerosis 2(TSC2)
NDUFV2	4729	Homo sapiens	NADH:ubiquinone oxidoreductase core subunit V2(NDUFV2)
CACNA1H	8912	Homo sapiens	calcium voltage-gated channel subunit alpha1 H(CACNA1H)
MYH14	79784	Homo sapiens	myosin heavy chain 14(MYH14)
CACNA1F	778	Homo sapiens	calcium voltage-gated channel subunit alpha1 F(CACNA1F)
CACNA1A	773	Homo sapiens	calcium voltage-gated channel subunit alpha1 A(CACNA1A)
CYB5R3	1727	Homo sapiens	cytochrome b5 reductase 3(CYB5R3)
ACOX1	51	Homo sapiens	acyl-CoA oxidase 1(ACOX1)
KDM6A	7403	Homo sapiens	lysine demethylase 6A(KDM6A)
NBN	4683	Homo sapiens	nibrin(NBN)
ALG1	56052	Homo sapiens	ALG1, chitobiosyldiphosphodolichol beta-mannosyltransferase(ALG1)
LEPR	3953	Homo sapiens	leptin receptor(LEPR)
HEXA	3073	Homo sapiens	hexosaminidase subunit alpha(HEXA)
ALG2	85365	Homo sapiens	ALG2, alpha-1,3/1,6-mannosyltransferase(ALG2)
DICER1	23405	Homo sapiens	dicer 1, ribonuclease III(DICER1)
ALG3	10195	Homo sapiens	ALG3, alpha-1,3- mannosyltransferase(ALG3)
UCHL1	7345	Homo sapiens	ubiquitin C-terminal hydrolase L1(UCHL1)
HEXB	3074	Homo sapiens	hexosaminidase subunit beta(HEXB)
PEX5	5830	Homo sapiens	peroxisomal biogenesis factor 5(PEX5)
PIP5K1C	23396	Homo sapiens	phosphatidylinositol-4-phosphate 5-kinase type 1 gamma(PIP5K1C)
BAP1	8314	Homo sapiens	BRCA1 associated protein 1(BAP1)
ALG6	29929	Homo sapiens	ALG6, alpha-1,3-glucosyltransferase(ALG6)
CTCF	10664	Homo sapiens	CCCTC-binding factor(CTCF)
ALG8	79053	Homo sapiens	ALG8, alpha-1,3-glucosyltransferase(ALG8)
ALG9	79796	Homo sapiens	ALG9, alpha-1,2-mannosyltransferase(ALG9)
PEX7	5191	Homo sapiens	peroxisomal biogenesis factor 7(PEX7)
GLB1	2720	Homo sapiens	galactosidase beta 1(GLB1)
NDUFS7	374291	Homo sapiens	NADH:ubiquinone oxidoreductase core subunit S7(NDUFS7)
RSPO4	343637	Homo sapiens	R-spondin 4(RSPO4)
TSPAN12	23554	Homo sapiens	tetraspanin 12(TSPAN12)
NDUFS6	4726	Homo sapiens	NADH:ubiquinone oxidoreductase subunit S6(NDUFS6)
ALAS2	212	Homo sapiens	5'-aminolevulinate synthase 2(ALAS2)
GPC3	2719	Homo sapiens	glypican 3(GPC3)
PEX1	5189	Homo sapiens	peroxisomal biogenesis factor 1(PEX1)
FRMD7	90167	Homo sapiens	FERM domain containing 7(FRMD7)
CLCF1	23529	Homo sapiens	cardiotrophin-like cytokine factor 1(CLCF1)
NDUFS8	4728	Homo sapiens	NADH:ubiquinone oxidoreductase core subunit S8(NDUFS8)
RHOA	387	Homo sapiens	ras homolog family member A(RHOA)
NPC1L1	29881	Homo sapiens	NPC1 like intracellular cholesterol transporter 1(NPC1L1)
PDE8B	8622	Homo sapiens	phosphodiesterase 8B(PDE8B)
ANO5	203859	Homo sapiens	anoctamin 5(ANO5)
POLG2	11232	Homo sapiens	DNA polymerase gamma 2, accessory subunit(POLG2)
YAP1	10413	Homo sapiens	Yes associated protein 1(YAP1)
KDM5A	5927	Homo sapiens	lysine demethylase 5A(KDM5A)
NDUFS3	4722	Homo sapiens	NADH:ubiquinone oxidoreductase core subunit S3(NDUFS3)
LBR	3930	Homo sapiens	lamin B receptor(LBR)
NDUFS2	4720	Homo sapiens	NADH:ubiquinone oxidoreductase core subunit S2(NDUFS2)
KDM5C	8242	Homo sapiens	lysine demethylase 5C(KDM5C)
SEC23A	10484	Homo sapiens	Sec23 homolog A, coat complex II component(SEC23A)
TRPM4	54795	Homo sapiens	transient receptor potential cation channel subfamily M member 4(TRPM4)
TRPM6	140803	Homo sapiens	transient receptor potential cation channel subfamily M member 6(TRPM6)
RAX	30062	Homo sapiens	retina and anterior neural fold homeobox(RAX)
TRPM7	54822	Homo sapiens	transient receptor potential cation channel subfamily M member 7(TRPM7)
ARID5B	84159	Homo sapiens	AT-rich interaction domain 5B(ARID5B)
OTX2	5015	Homo sapiens	orthodenticle homeobox 2(OTX2)
CDK8	1024	Homo sapiens	cyclin dependent kinase 8(CDK8)
ESR1	2099	Homo sapiens	estrogen receptor 1(ESR1)
CDK6	1021	Homo sapiens	cyclin dependent kinase 6(CDK6)
RB1	5925	Homo sapiens	RB transcriptional corepressor 1(RB1)
LPIN2	9663	Homo sapiens	lipin 2(LPIN2)
SLC9A3R1	9368	Homo sapiens	SLC9A3 regulator 1(SLC9A3R1)
CDK4	1019	Homo sapiens	cyclin dependent kinase 4(CDK4)
TRPM1	4308	Homo sapiens	transient receptor potential cation channel subfamily M member 1(TRPM1)
ACADVL	37	Homo sapiens	acyl-CoA dehydrogenase, very long chain(ACADVL)
BBS1	582	Homo sapiens	Bardet-Biedl syndrome 1(BBS1)
BBS2	583	Homo sapiens	Bardet-Biedl syndrome 2(BBS2)
TAS2R16	50833	Homo sapiens	taste 2 receptor member 16(TAS2R16)
PPM1D	8493	Homo sapiens	protein phosphatase, Mg2+/Mn2+ dependent 1D(PPM1D)
ZFYVE27	118813	Homo sapiens	zinc finger FYVE-type containing 27(ZFYVE27)
ADGRV1	84059	Homo sapiens	adhesion G protein-coupled receptor V1(ADGRV1)
RRAS2	22800	Homo sapiens	related RAS viral (r-ras) oncogene homolog 2(RRAS2)
INPP4B	8821	Homo sapiens	inositol polyphosphate-4-phosphatase type II B(INPP4B)
TREM2	54209	Homo sapiens	triggering receptor expressed on myeloid cells 2(TREM2)
CARM1	10498	Homo sapiens	coactivator associated arginine methyltransferase 1(CARM1)
TSHR	7253	Homo sapiens	thyroid stimulating hormone receptor(TSHR)
AKR1D1	6718	Homo sapiens	aldo-keto reductase family 1 member D1(AKR1D1)
LCT	3938	Homo sapiens	lactase(LCT)
ALDH9A1	223	Homo sapiens	aldehyde dehydrogenase 9 family member A1(ALDH9A1)
SEC23B	10483	Homo sapiens	Sec23 homolog B, coat complex II component(SEC23B)
ACVR1	90	Homo sapiens	activin A receptor type 1(ACVR1)
GALNT3	2591	Homo sapiens	polypeptide N-acetylgalactosaminyltransferase 3(GALNT3)
KMT2D	8085	Homo sapiens	lysine methyltransferase 2D(KMT2D)
HCRT	3060	Homo sapiens	hypocretin neuropeptide precursor(HCRT)
HYLS1	219844	Homo sapiens	HYLS1, centriolar and ciliogenesis associated(HYLS1)
KMT2A	4297	Homo sapiens	lysine methyltransferase 2A(KMT2A)
ADAMTS13	11093	Homo sapiens	ADAM metallopeptidase with thrombospondin type 1 motif 13(ADAMTS13)
KMT2C	58508	Homo sapiens	lysine methyltransferase 2C(KMT2C)
NDP	4693	Homo sapiens	NDP, norrin cystine knot growth factor(NDP)
VIM	7431	Homo sapiens	vimentin(VIM)
KMT2B	9757	Homo sapiens	lysine methyltransferase 2B(KMT2B)
NR3C2	4306	Homo sapiens	nuclear receptor subfamily 3 group C member 2(NR3C2)
NUP93	9688	Homo sapiens	nucleoporin 93(NUP93)
CDH1	999	Homo sapiens	cadherin 1(CDH1)
CABP4	57010	Homo sapiens	calcium binding protein 4(CABP4)
ALDH3A2	224	Homo sapiens	aldehyde dehydrogenase 3 family member A2(ALDH3A2)
ESPN	83715	Homo sapiens	espin(ESPN)
IGF1R	3480	Homo sapiens	insulin like growth factor 1 receptor(IGF1R)
C1QTNF5	114902	Homo sapiens	C1q and tumor necrosis factor related protein 5(C1QTNF5)
CHD7	55636	Homo sapiens	chromodomain helicase DNA binding protein 7(CHD7)
WDPCP	51057	Homo sapiens	WD repeat containing planar cell polarity effector(WDPCP)
TOR1A	1861	Homo sapiens	torsin family 1 member A(TOR1A)
ADAMTS10	81794	Homo sapiens	ADAM metallopeptidase with thrombospondin type 1 motif 10(ADAMTS10)
PNPO	55163	Homo sapiens	pyridoxamine 5'-phosphate oxidase(PNPO)
DMGDH	29958	Homo sapiens	dimethylglycine dehydrogenase(DMGDH)
INPP5E	56623	Homo sapiens	inositol polyphosphate-5-phosphatase E(INPP5E)
PAFAH1B1	5048	Homo sapiens	platelet activating factor acetylhydrolase 1b regulatory subunit 1(PAFAH1B1)
FBN2	2201	Homo sapiens	fibrillin 2(FBN2)
DCX	1641	Homo sapiens	doublecortin(DCX)
C2orf71	388939	Homo sapiens	chromosome 2 open reading frame 71(C2orf71)
TSEN34	79042	Homo sapiens	tRNA splicing endonuclease subunit 34(TSEN34)
TCIRG1	10312	Homo sapiens	T-cell immune regulator 1, ATPase H+ transporting V0 subunit a3(TCIRG1)
GUCA1B	2979	Homo sapiens	guanylate cyclase activator 1B(GUCA1B)
SLC2A9	56606	Homo sapiens	solute carrier family 2 member 9(SLC2A9)
GUCA1A	2978	Homo sapiens	guanylate cyclase activator 1A(GUCA1A)
PLP1	5354	Homo sapiens	proteolipid protein 1(PLP1)
MBTPS2	51360	Homo sapiens	membrane bound transcription factor peptidase, site 2(MBTPS2)
FLT1	2321	Homo sapiens	fms related tyrosine kinase 1(FLT1)
SLC12A1	6557	Homo sapiens	solute carrier family 12 member 1(SLC12A1)
NF2	4771	Homo sapiens	neurofibromin 2(NF2)
CYP21A2	1589	Homo sapiens	cytochrome P450 family 21 subfamily A member 2(CYP21A2)
VHL	7428	Homo sapiens	von Hippel-Lindau tumor suppressor(VHL)
FLT3	2322	Homo sapiens	fms related tyrosine kinase 3(FLT3)
SLC12A3	6559	Homo sapiens	solute carrier family 12 member 3(SLC12A3)
NF1	4763	Homo sapiens	neurofibromin 1(NF1)
SAMHD1	25939	Homo sapiens	SAM and HD domain containing deoxynucleoside triphosphate triphosphohydrolase 1(SAMHD1)
AHI1	54806	Homo sapiens	Abelson helper integration site 1(AHI1)
GYG1	2992	Homo sapiens	glycogenin 1(GYG1)
DBH	1621	Homo sapiens	dopamine beta-hydroxylase(DBH)
TAB2	23118	Homo sapiens	TGF-beta activated kinase 1/MAP3K7 binding protein 2(TAB2)
VSX1	30813	Homo sapiens	visual system homeobox 1(VSX1)
FUCA1	2517	Homo sapiens	fucosidase, alpha-L- 1, tissue(FUCA1)
COL4A5	1287	Homo sapiens	collagen type IV alpha 5 chain(COL4A5)
RDH12	145226	Homo sapiens	retinol dehydrogenase 12 (all-trans/9-cis/11-cis)(RDH12)
DBT	1629	Homo sapiens	dihydrolipoamide branched chain transacylase E2(DBT)
INVS	27130	Homo sapiens	inversin(INVS)
TAS2R38	5726	Homo sapiens	taste 2 receptor member 38(TAS2R38)
SMPD1	6609	Homo sapiens	sphingomyelin phosphodiesterase 1(SMPD1)
JAK1	3716	Homo sapiens	Janus kinase 1(JAK1)
JAK2	3717	Homo sapiens	Janus kinase 2(JAK2)
JAK3	3718	Homo sapiens	Janus kinase 3(JAK3)
RAD51D	5892	Homo sapiens	RAD51 paralog D(RAD51D)
RAD51C	5889	Homo sapiens	RAD51 paralog C(RAD51C)
SLC36A2	153201	Homo sapiens	solute carrier family 36 member 2(SLC36A2)
RAD51B	5890	Homo sapiens	RAD51 paralog B(RAD51B)
NOG	9241	Homo sapiens	noggin(NOG)
STAR	6770	Homo sapiens	steroidogenic acute regulatory protein(STAR)
SNCB	6620	Homo sapiens	synuclein beta(SNCB)
VAPB	9217	Homo sapiens	VAMP associated protein B and C(VAPB)
FAM20C	56975	Homo sapiens	FAM20C, golgi associated secretory pathway kinase(FAM20C)
PTPN22	26191	Homo sapiens	protein tyrosine phosphatase, non-receptor type 22(PTPN22)
AQP7	364	Homo sapiens	aquaporin 7(AQP7)
SHH	6469	Homo sapiens	sonic hedgehog(SHH)
CFP	5199	Homo sapiens	complement factor properdin(CFP)
HTRA2	27429	Homo sapiens	HtrA serine peptidase 2(HTRA2)
AGPS	8540	Homo sapiens	alkylglycerone phosphate synthase(AGPS)
HTRA1	5654	Homo sapiens	HtrA serine peptidase 1(HTRA1)
PLOD2	5352	Homo sapiens	procollagen-lysine,2-oxoglutarate 5-dioxygenase 2(PLOD2)
PLOD3	8985	Homo sapiens	procollagen-lysine,2-oxoglutarate 5-dioxygenase 3(PLOD3)
U2AF1	7307	Homo sapiens	U2 small nuclear RNA auxiliary factor 1(U2AF1)
RARA	5914	Homo sapiens	retinoic acid receptor alpha(RARA)
CFI	3426	Homo sapiens	complement factor I(CFI)
NPSR1	387129	Homo sapiens	neuropeptide S receptor 1(NPSR1)
PITX3	5309	Homo sapiens	paired like homeodomain 3(PITX3)
ANKK1	255239	Homo sapiens	ankyrin repeat and kinase domain containing 1(ANKK1)
EIF2B2	8892	Homo sapiens	eukaryotic translation initiation factor 2B subunit beta(EIF2B2)
EIF2B3	8891	Homo sapiens	eukaryotic translation initiation factor 2B subunit gamma(EIF2B3)
PITX1	5307	Homo sapiens	paired like homeodomain 1(PITX1)
EIF2B4	8890	Homo sapiens	eukaryotic translation initiation factor 2B subunit delta(EIF2B4)
PITX2	5308	Homo sapiens	paired like homeodomain 2(PITX2)
TWIST1	7291	Homo sapiens	twist family bHLH transcription factor 1(TWIST1)
EIF2B5	8893	Homo sapiens	eukaryotic translation initiation factor 2B subunit epsilon(EIF2B5)
F11	2160	Homo sapiens	coagulation factor XI(F11)
F12	2161	Homo sapiens	coagulation factor XII(F12)
CLRN1	7401	Homo sapiens	clarin 1(CLRN1)
F10	2159	Homo sapiens	coagulation factor X(F10)
POLH	5429	Homo sapiens	DNA polymerase eta(POLH)
NKX2-6	137814	Homo sapiens	NK2 homeobox 6(NKX2-6)
EFNB1	1947	Homo sapiens	ephrin B1(EFNB1)
POLE	5426	Homo sapiens	DNA polymerase epsilon, catalytic subunit(POLE)
AARS	16	Homo sapiens	alanyl-tRNA synthetase(AARS)
PIM1	5292	Homo sapiens	Pim-1 proto-oncogene, serine/threonine kinase(PIM1)
ABCC11	85320	Homo sapiens	ATP binding cassette subfamily C member 11(ABCC11)
CEP152	22995	Homo sapiens	centrosomal protein 152(CEP152)
ESCO2	157570	Homo sapiens	establishment of sister chromatid cohesion N-acetyltransferase 2(ESCO2)
DCLRE1C	64421	Homo sapiens	DNA cross-link repair 1C(DCLRE1C)
MGAT2	4247	Homo sapiens	mannosyl (alpha-1,6-)-glycoprotein beta-1,2-N-acetylglucosaminyltransferase(MGAT2)
HUWE1	10075	Homo sapiens	HECT, UBA and WWE domain containing 1, E3 ubiquitin protein ligase(HUWE1)
CD40LG	959	Homo sapiens	CD40 ligand(CD40LG)
CC2D2A	57545	Homo sapiens	coiled-coil and C2 domain containing 2A(CC2D2A)
CX3CR1	1524	Homo sapiens	C-X3-C motif chemokine receptor 1(CX3CR1)
PDGFRL	5157	Homo sapiens	platelet derived growth factor receptor like(PDGFRL)
PDGFRA	5156	Homo sapiens	platelet derived growth factor receptor alpha(PDGFRA)
PDGFRB	5159	Homo sapiens	platelet derived growth factor receptor beta(PDGFRB)
GIGYF2	26058	Homo sapiens	GRB10 interacting GYF protein 2(GIGYF2)
ITGA2B	3674	Homo sapiens	integrin subunit alpha 2b(ITGA2B)
SLC2A10	81031	Homo sapiens	solute carrier family 2 member 10(SLC2A10)
GCNT2	2651	Homo sapiens	glucosaminyl (N-acetyl) transferase 2, I-branching enzyme (I blood group)(GCNT2)
CRELD1	78987	Homo sapiens	cysteine rich with EGF like domains 1(CRELD1)
AKAP10	11216	Homo sapiens	A-kinase anchoring protein 10(AKAP10)
CHEK2	11200	Homo sapiens	checkpoint kinase 2(CHEK2)
KCNMB1	3779	Homo sapiens	potassium calcium-activated channel subfamily M regulatory beta subunit 1(KCNMB1)
GPD1L	23171	Homo sapiens	glycerol-3-phosphate dehydrogenase 1-like(GPD1L)
SIAE	54414	Homo sapiens	sialic acid acetylesterase(SIAE)
HNMT	3176	Homo sapiens	histamine N-methyltransferase(HNMT)
DNAAF1	123872	Homo sapiens	dynein axonemal assembly factor 1(DNAAF1)
GALNS	2588	Homo sapiens	galactosamine (N-acetyl)-6-sulfatase(GALNS)
AANAT	15	Homo sapiens	aralkylamine N-acetyltransferase(AANAT)
NKX2-1	7080	Homo sapiens	NK2 homeobox 1(NKX2-1)
PBRM1	55193	Homo sapiens	polybromo 1(PBRM1)
ZMPSTE24	10269	Homo sapiens	zinc metallopeptidase STE24(ZMPSTE24)
EMD	2010	Homo sapiens	emerin(EMD)
NKX2-5	1482	Homo sapiens	NK2 homeobox 5(NKX2-5)
AGRP	181	Homo sapiens	agouti related neuropeptide(AGRP)
GAD1	2571	Homo sapiens	glutamate decarboxylase 1(GAD1)
MOCS1	4337	Homo sapiens	molybdenum cofactor synthesis 1(MOCS1)
GCDH	2639	Homo sapiens	glutaryl-CoA dehydrogenase(GCDH)
MLC1	23209	Homo sapiens	megalencephalic leukoencephalopathy with subcortical cysts 1(MLC1)
MOCS2	4338	Homo sapiens	molybdenum cofactor synthesis 2(MOCS2)
TRPC6	7225	Homo sapiens	transient receptor potential cation channel subfamily C member 6(TRPC6)
GUSB	2990	Homo sapiens	glucuronidase beta(GUSB)
CREBBP	1387	Homo sapiens	CREB binding protein(CREBBP)
SMAD4	4089	Homo sapiens	SMAD family member 4(SMAD4)
SMAD3	4088	Homo sapiens	SMAD family member 3(SMAD3)
TREX1	11277	Homo sapiens	three prime repair exonuclease 1(TREX1)
SMAD2	4087	Homo sapiens	SMAD family member 2(SMAD2)
ECM1	1893	Homo sapiens	extracellular matrix protein 1(ECM1)
CSRP3	8048	Homo sapiens	cysteine and glycine rich protein 3(CSRP3)
ATP13A2	23400	Homo sapiens	ATPase 13A2(ATP13A2)
RAD54L	8438	Homo sapiens	RAD54-like (S. cerevisiae)(RAD54L)
PTPN12	5782	Homo sapiens	protein tyrosine phosphatase, non-receptor type 12(PTPN12)
PTPN11	5781	Homo sapiens	protein tyrosine phosphatase, non-receptor type 11(PTPN11)
ABCG8	64241	Homo sapiens	ATP binding cassette subfamily G member 8(ABCG8)
NOTCH3	4854	Homo sapiens	notch 3(NOTCH3)
TULP1	7287	Homo sapiens	tubby like protein 1(TULP1)
NOTCH2	4853	Homo sapiens	notch 2(NOTCH2)
NOTCH1	4851	Homo sapiens	notch 1(NOTCH1)
ABCG5	64240	Homo sapiens	ATP binding cassette subfamily G member 5(ABCG5)
NUP62	23636	Homo sapiens	nucleoporin 62(NUP62)
AIRE	326	Homo sapiens	autoimmune regulator(AIRE)
RHEB	6009	Homo sapiens	Ras homolog enriched in brain(RHEB)
PON2	5445	Homo sapiens	paraoxonase 2(PON2)
POF1B	79983	Homo sapiens	premature ovarian failure, 1B(POF1B)
RAD54B	25788	Homo sapiens	RAD54 homolog B (S. cerevisiae)(RAD54B)
NSMF	26012	Homo sapiens	NMDA receptor synaptonuclear signaling and neuronal migration factor(NSMF)
PYY	5697	Homo sapiens	peptide YY(PYY)
SLC46A1	113235	Homo sapiens	solute carrier family 46 member 1(SLC46A1)
SPG7	6687	Homo sapiens	SPG7, paraplegin matrix AAA peptidase subunit(SPG7)
TBX22	50945	Homo sapiens	T-box 22(TBX22)
TBX20	57057	Homo sapiens	T-box 20(TBX20)
MLH1	4292	Homo sapiens	mutL homolog 1(MLH1)
MLH3	27030	Homo sapiens	mutL homolog 3(MLH3)
APCDD1	147495	Homo sapiens	APC down-regulated 1(APCDD1)
CANT1	124583	Homo sapiens	calcium activated nucleotidase 1(CANT1)
SH2D1A	4068	Homo sapiens	SH2 domain containing 1A(SH2D1A)
TNFRSF11B	4982	Homo sapiens	TNF receptor superfamily member 11b(TNFRSF11B)
TNFRSF11A	8792	Homo sapiens	TNF receptor superfamily member 11a(TNFRSF11A)
BAG3	9531	Homo sapiens	BCL2 associated athanogene 3(BAG3)
SLC25A3	5250	Homo sapiens	solute carrier family 25 member 3(SLC25A3)
ALOX12B	242	Homo sapiens	arachidonate 12-lipoxygenase, 12R type(ALOX12B)
NOBOX	135935	Homo sapiens	NOBOX oogenesis homeobox(NOBOX)
TSEN2	80746	Homo sapiens	tRNA splicing endonuclease subunit 2(TSEN2)
DHCR24	1718	Homo sapiens	24-dehydrocholesterol reductase(DHCR24)
AP3B1	8546	Homo sapiens	adaptor related protein complex 3 beta 1 subunit(AP3B1)
KCNMA1	3778	Homo sapiens	potassium calcium-activated channel subfamily M alpha 1(KCNMA1)
PRPF31	26121	Homo sapiens	pre-mRNA processing factor 31(PRPF31)
RXFP2	122042	Homo sapiens	relaxin/insulin like family peptide receptor 2(RXFP2)
SPEN	23013	Homo sapiens	spen family transcriptional repressor(SPEN)
LDLRAP1	26119	Homo sapiens	low density lipoprotein receptor adaptor protein 1(LDLRAP1)
SGCG	6445	Homo sapiens	sarcoglycan gamma(SGCG)
PSEN2	5664	Homo sapiens	presenilin 2(PSEN2)
SGCD	6444	Homo sapiens	sarcoglycan delta(SGCD)
SGCE	8910	Homo sapiens	sarcoglycan epsilon(SGCE)
NHP2	55651	Homo sapiens	NHP2 ribonucleoprotein(NHP2)
TBX19	9095	Homo sapiens	T-box 19(TBX19)
SGCA	6442	Homo sapiens	sarcoglycan alpha(SGCA)
TPH2	121278	Homo sapiens	tryptophan hydroxylase 2(TPH2)
SLC27A4	10999	Homo sapiens	solute carrier family 27 member 4(SLC27A4)
SGCB	6443	Homo sapiens	sarcoglycan beta(SGCB)
CLDN16	10686	Homo sapiens	claudin 16(CLDN16)
CLDN19	149461	Homo sapiens	claudin 19(CLDN19)
SHROOM4	57477	Homo sapiens	shroom family member 4(SHROOM4)
UNG	7374	Homo sapiens	uracil DNA glycosylase(UNG)
ABCD1	215	Homo sapiens	ATP binding cassette subfamily D member 1(ABCD1)
SLC19A3	80704	Homo sapiens	solute carrier family 19 member 3(SLC19A3)
CIC	23152	Homo sapiens	capicua transcriptional repressor(CIC)
HPRT1	3251	Homo sapiens	hypoxanthine phosphoribosyltransferase 1(HPRT1)
SLC19A2	10560	Homo sapiens	solute carrier family 19 member 2(SLC19A2)
SUMO4	387082	Homo sapiens	small ubiquitin-like modifier 4(SUMO4)
SUFU	51684	Homo sapiens	SUFU negative regulator of hedgehog signaling(SUFU)
CLDN14	23562	Homo sapiens	claudin 14(CLDN14)
CPN1	1369	Homo sapiens	carboxypeptidase N subunit 1(CPN1)
GCH1	2643	Homo sapiens	GTP cyclohydrolase 1(GCH1)
CYLD	1540	Homo sapiens	CYLD lysine 63 deubiquitinase(CYLD)
GALK1	2584	Homo sapiens	galactokinase 1(GALK1)
BEST1	7439	Homo sapiens	bestrophin 1(BEST1)
GNPTAB	79158	Homo sapiens	N-acetylglucosamine-1-phosphate transferase alpha and beta subunits(GNPTAB)
MEFV	4210	Homo sapiens	Mediterranean fever(MEFV)
SQSTM1	8878	Homo sapiens	sequestosome 1(SQSTM1)
FAT1	2195	Homo sapiens	FAT atypical cadherin 1(FAT1)
ETFDH	2110	Homo sapiens	electron transfer flavoprotein dehydrogenase(ETFDH)
AGO2	27161	Homo sapiens	argonaute 2, RISC catalytic component(AGO2)
RBM28	55131	Homo sapiens	RNA binding motif protein 28(RBM28)
DTNA	1837	Homo sapiens	dystrobrevin alpha(DTNA)
TRMU	55687	Homo sapiens	tRNA 5-methylaminomethyl-2-thiouridylate methyltransferase(TRMU)
A4GALT	53947	Homo sapiens	alpha 1,4-galactosyltransferase(A4GALT)
TBXAS1	6916	Homo sapiens	thromboxane A synthase 1(TBXAS1)
RBM20	282996	Homo sapiens	RNA binding motif protein 20(RBM20)
SETBP1	26040	Homo sapiens	SET binding protein 1(SETBP1)
TBX5	6910	Homo sapiens	T-box 5(TBX5)
TBX4	9496	Homo sapiens	T-box 4(TBX4)
NAT2	10	Homo sapiens	N-acetyltransferase 2(NAT2)
TBX1	6899	Homo sapiens	T-box 1(TBX1)
FAM58A	92002	Homo sapiens	family with sequence similarity 58 member A(FAM58A)
STAT1	6772	Homo sapiens	signal transducer and activator of transcription 1(STAT1)
EIF2B1	1967	Homo sapiens	eukaryotic translation initiation factor 2B subunit alpha(EIF2B1)
KCNV2	169522	Homo sapiens	potassium voltage-gated channel modifier subfamily V member 2(KCNV2)
FZD4	8322	Homo sapiens	frizzled class receptor 4(FZD4)
STAT3	6774	Homo sapiens	signal transducer and activator of transcription 3(STAT3)
IYD	389434	Homo sapiens	iodotyrosine deiodinase(IYD)
ABCC9	10060	Homo sapiens	ATP binding cassette subfamily C member 9(ABCC9)
PYGM	5837	Homo sapiens	phosphorylase, glycogen, muscle(PYGM)
PYGL	5836	Homo sapiens	phosphorylase, glycogen, liver(PYGL)
SAMD9	54809	Homo sapiens	sterile alpha motif domain containing 9(SAMD9)
NEUROD1	4760	Homo sapiens	neuronal differentiation 1(NEUROD1)
ABCC2	1244	Homo sapiens	ATP binding cassette subfamily C member 2(ABCC2)
PGK1	5230	Homo sapiens	phosphoglycerate kinase 1(PGK1)
TJP2	9414	Homo sapiens	tight junction protein 2(TJP2)
ABCC8	6833	Homo sapiens	ATP binding cassette subfamily C member 8(ABCC8)
FAM126A	84668	Homo sapiens	family with sequence similarity 126 member A(FAM126A)
ABCC6	368	Homo sapiens	ATP binding cassette subfamily C member 6(ABCC6)
FGF19	9965	Homo sapiens	fibroblast growth factor 19(FGF19)
HFE2	148738	Homo sapiens	hemochromatosis type 2 (juvenile)(HFE2)
WFS1	7466	Homo sapiens	wolframin ER transmembrane glycoprotein(WFS1)
CHMP4B	128866	Homo sapiens	charged multivesicular body protein 4B(CHMP4B)
FGF14	2259	Homo sapiens	fibroblast growth factor 14(FGF14)
TLR1	7096	Homo sapiens	toll like receptor 1(TLR1)
TIRAP	114609	Homo sapiens	TIR domain containing adaptor protein(TIRAP)
TLR2	7097	Homo sapiens	toll like receptor 2(TLR2)
FGF10	2255	Homo sapiens	fibroblast growth factor 10(FGF10)
TLR3	7098	Homo sapiens	toll like receptor 3(TLR3)
CBX2	84733	Homo sapiens	chromobox 2(CBX2)
TLR4	7099	Homo sapiens	toll like receptor 4(TLR4)
TLR5	7100	Homo sapiens	toll like receptor 5(TLR5)
AGXT	189	Homo sapiens	alanine-glyoxylate aminotransferase(AGXT)
KLHL7	55975	Homo sapiens	kelch like family member 7(KLHL7)
CISD2	493856	Homo sapiens	CDGSH iron sulfur domain 2(CISD2)
MUTYH	4595	Homo sapiens	mutY DNA glycosylase(MUTYH)
DYSF	8291	Homo sapiens	dysferlin(DYSF)
TARDBP	23435	Homo sapiens	TAR DNA binding protein(TARDBP)
CPOX	1371	Homo sapiens	coproporphyrinogen oxidase(CPOX)
COQ8A	56997	Homo sapiens	coenzyme Q8A(COQ8A)
SPRED1	161742	Homo sapiens	sprouty related EVH1 domain containing 1(SPRED1)
RBM10	8241	Homo sapiens	RNA binding motif protein 10(RBM10)
SLC4A4	8671	Homo sapiens	solute carrier family 4 member 4(SLC4A4)
MYO6	4646	Homo sapiens	myosin VI(MYO6)
UBIAD1	29914	Homo sapiens	UbiA prenyltransferase domain containing 1(UBIAD1)
QDPR	5860	Homo sapiens	quinoid dihydropteridine reductase(QDPR)
SECISBP2	79048	Homo sapiens	SECIS binding protein 2(SECISBP2)
FGF23	8074	Homo sapiens	fibroblast growth factor 23(FGF23)
PROKR2	128674	Homo sapiens	prokineticin receptor 2(PROKR2)
NR0B2	8431	Homo sapiens	nuclear receptor subfamily 0 group B member 2(NR0B2)
NR0B1	190	Homo sapiens	nuclear receptor subfamily 0 group B member 1(NR0B1)
CDKL5	6792	Homo sapiens	cyclin dependent kinase like 5(CDKL5)
TIMM8A	1678	Homo sapiens	translocase of inner mitochondrial membrane 8 homolog A (yeast)(TIMM8A)
ISCU	23479	Homo sapiens	iron-sulfur cluster assembly enzyme(ISCU)
TNNT3	7140	Homo sapiens	troponin T3, fast skeletal type(TNNT3)
PLCE1	51196	Homo sapiens	phospholipase C epsilon 1(PLCE1)
LYST	1130	Homo sapiens	lysosomal trafficking regulator(LYST)
CARTPT	9607	Homo sapiens	CART prepropeptide(CARTPT)
ANOS1	3730	Homo sapiens	anosmin 1(ANOS1)
PCCB	5096	Homo sapiens	propionyl-CoA carboxylase beta subunit(PCCB)
PCCA	5095	Homo sapiens	propionyl-CoA carboxylase alpha subunit(PCCA)
PRPS1	5631	Homo sapiens	phosphoribosyl pyrophosphate synthetase 1(PRPS1)
GCLC	2729	Homo sapiens	glutamate-cysteine ligase catalytic subunit(GCLC)
PKHD1	5314	Homo sapiens	polycystic kidney and hepatic disease 1 (autosomal recessive)(PKHD1)
GNE	10020	Homo sapiens	glucosamine (UDP-N-acetyl)-2-epimerase/N-acetylmannosamine kinase(GNE)
UMOD	7369	Homo sapiens	uromodulin(UMOD)
KEAP1	9817	Homo sapiens	kelch like ECH associated protein 1(KEAP1)
CTSA	5476	Homo sapiens	cathepsin A(CTSA)
RRM2B	50484	Homo sapiens	ribonucleotide reductase regulatory TP53 inducible subunit M2B(RRM2B)
SOX9	6662	Homo sapiens	SRY-box 9(SOX9)
WT1	7490	Homo sapiens	Wilms tumor 1(WT1)
CHIT1	1118	Homo sapiens	chitinase 1(CHIT1)
SRC	6714	Homo sapiens	SRC proto-oncogene, non-receptor tyrosine kinase(SRC)
CHMP2B	25978	Homo sapiens	charged multivesicular body protein 2B(CHMP2B)
SRY	6736	Homo sapiens	sex determining region Y(SRY)
HOXA2	3199	Homo sapiens	homeobox A2(HOXA2)
GCKR	2646	Homo sapiens	glucokinase regulator(GCKR)
IVD	3712	Homo sapiens	isovaleryl-CoA dehydrogenase(IVD)
CTRC	11330	Homo sapiens	chymotrypsin C(CTRC)
GALE	2582	Homo sapiens	UDP-galactose-4-epimerase(GALE)
AXIN2	8313	Homo sapiens	axin 2(AXIN2)
RUNX1	861	Homo sapiens	runt related transcription factor 1(RUNX1)
RUNX2	860	Homo sapiens	runt related transcription factor 2(RUNX2)
EWSR1	2130	Homo sapiens	EWS RNA binding protein 1(EWSR1)
AXIN1	8312	Homo sapiens	axin 1(AXIN1)
NYX	60506	Homo sapiens	nyctalopin(NYX)
LPL	4023	Homo sapiens	lipoprotein lipase(LPL)
EVC	2121	Homo sapiens	EvC ciliary complex subunit 1(EVC)
RPGRIP1L	23322	Homo sapiens	RPGRIP1 like(RPGRIP1L)
GALT	2592	Homo sapiens	galactose-1-phosphate uridylyltransferase(GALT)
WRN	7486	Homo sapiens	Werner syndrome RecQ like helicase(WRN)
REEP1	65055	Homo sapiens	receptor accessory protein 1(REEP1)
MED13L	23389	Homo sapiens	mediator complex subunit 13 like(MED13L)
CPS1	1373	Homo sapiens	carbamoyl-phosphate synthase 1(CPS1)
ADGRG1	9289	Homo sapiens	adhesion G protein-coupled receptor G1(ADGRG1)
TBC1D24	57465	Homo sapiens	TBC1 domain family member 24(TBC1D24)
GCM2	9247	Homo sapiens	glial cells missing homolog 2(GCM2)
BAAT	570	Homo sapiens	bile acid-CoA:amino acid N-acyltransferase(BAAT)
UCP3	7352	Homo sapiens	uncoupling protein 3(UCP3)
PRICKLE1	144165	Homo sapiens	prickle planar cell polarity protein 1(PRICKLE1)
ATG16L1	55054	Homo sapiens	autophagy related 16 like 1(ATG16L1)
SMC1A	8243	Homo sapiens	structural maintenance of chromosomes 1A(SMC1A)
ARL13B	200894	Homo sapiens	ADP ribosylation factor like GTPase 13B(ARL13B)
HABP2	3026	Homo sapiens	hyaluronan binding protein 2(HABP2)
D2HGDH	728294	Homo sapiens	D-2-hydroxyglutarate dehydrogenase(D2HGDH)
CPT2	1376	Homo sapiens	carnitine palmitoyltransferase 2(CPT2)
OPCML	4978	Homo sapiens	opioid binding protein/cell adhesion molecule like(OPCML)
ZNF81	347344	Homo sapiens	zinc finger protein 81(ZNF81)
CYP11B1	1584	Homo sapiens	cytochrome P450 family 11 subfamily B member 1(CYP11B1)
MLPH	79083	Homo sapiens	melanophilin(MLPH)
HPS3	84343	Homo sapiens	HPS3, biogenesis of lysosomal organelles complex 2 subunit 1(HPS3)
TTPA	7274	Homo sapiens	alpha tocopherol transfer protein(TTPA)
HLCS	3141	Homo sapiens	holocarboxylase synthetase(HLCS)
CRX	1406	Homo sapiens	cone-rod homeobox(CRX)
GSS	2937	Homo sapiens	glutathione synthetase(GSS)
MEN1	4221	Homo sapiens	menin 1(MEN1)
AKT1	207	Homo sapiens	AKT serine/threonine kinase 1(AKT1)
POMT2	29954	Homo sapiens	protein O-mannosyltransferase 2(POMT2)
KCNQ4	9132	Homo sapiens	potassium voltage-gated channel subfamily Q member 4(KCNQ4)
SBDS	51119	Homo sapiens	SBDS ribosome assembly guanine nucleotide exchange factor(SBDS)
KCNQ3	3786	Homo sapiens	potassium voltage-gated channel subfamily Q member 3(KCNQ3)
TPP1	1200	Homo sapiens	tripeptidyl peptidase 1(TPP1)
PAK3	5063	Homo sapiens	p21 (RAC1) activated kinase 3(PAK3)
POMT1	10585	Homo sapiens	protein O-mannosyltransferase 1(POMT1)
ATP8B1	5205	Homo sapiens	ATPase phospholipid transporting 8B1(ATP8B1)
CNTNAP2	26047	Homo sapiens	contactin associated protein-like 2(CNTNAP2)
SOX18	54345	Homo sapiens	SRY-box 18(SOX18)
SOX17	64321	Homo sapiens	SRY-box 17(SOX17)
PAK1	5058	Homo sapiens	p21 (RAC1) activated kinase 1(PAK1)
KCNQ2	3785	Homo sapiens	potassium voltage-gated channel subfamily Q member 2(KCNQ2)
KCNQ1	3784	Homo sapiens	potassium voltage-gated channel subfamily Q member 1(KCNQ1)
AKT3	10000	Homo sapiens	AKT serine/threonine kinase 3(AKT3)
ARHGAP9	64333	Homo sapiens	Rho GTPase activating protein 9(ARHGAP9)
RS1	6247	Homo sapiens	retinoschisin 1(RS1)
AKT2	208	Homo sapiens	AKT serine/threonine kinase 2(AKT2)
SUOX	6821	Homo sapiens	sulfite oxidase(SUOX)
SOX10	6663	Homo sapiens	SRY-box 10(SOX10)
ALDH5A1	7915	Homo sapiens	aldehyde dehydrogenase 5 family member A1(ALDH5A1)
PIGV	55650	Homo sapiens	phosphatidylinositol glycan anchor biosynthesis class V(PIGV)
LDB3	11155	Homo sapiens	LIM domain binding 3(LDB3)
CILP	8483	Homo sapiens	cartilage intermediate layer protein(CILP)
IGFALS	3483	Homo sapiens	insulin like growth factor binding protein acid labile subunit(IGFALS)
UGT1A1	54658	Homo sapiens	UDP glucuronosyltransferase family 1 member A1(UGT1A1)
IFNAR2	3455	Homo sapiens	interferon alpha and beta receptor subunit 2(IFNAR2)
SMO	6608	Homo sapiens	smoothened, frizzled class receptor(SMO)
MAGT1	84061	Homo sapiens	magnesium transporter 1(MAGT1)
CTSK	1513	Homo sapiens	cathepsin K(CTSK)
CTH	1491	Homo sapiens	cystathionine gamma-lyase(CTH)
UMPS	7372	Homo sapiens	uridine monophosphate synthetase(UMPS)
ACVR2B	93	Homo sapiens	activin A receptor type 2B(ACVR2B)
KRIT1	889	Homo sapiens	KRIT1, ankyrin repeat containing(KRIT1)
BUB1B	701	Homo sapiens	BUB1 mitotic checkpoint serine/threonine kinase B(BUB1B)
CTSC	1075	Homo sapiens	cathepsin C(CTSC)
SMS	6611	Homo sapiens	spermine synthase(SMS)
SPAST	6683	Homo sapiens	spastin(SPAST)
TCF7L2	6934	Homo sapiens	transcription factor 7 like 2(TCF7L2)
MYOT	9499	Homo sapiens	myotilin(MYOT)
KRT9	3857	Homo sapiens	keratin 9(KRT9)
MTHFR	4524	Homo sapiens	methylenetetrahydrofolate reductase(MTHFR)
RAX2	84839	Homo sapiens	retina and anterior neural fold homeobox 2(RAX2)
POU3F4	5456	Homo sapiens	POU class 3 homeobox 4(POU3F4)
PSTPIP1	9051	Homo sapiens	proline-serine-threonine phosphatase interacting protein 1(PSTPIP1)
KRT2	3849	Homo sapiens	keratin 2(KRT2)
GP1BA	2811	Homo sapiens	glycoprotein Ib platelet alpha subunit(GP1BA)
PTS	5805	Homo sapiens	6-pyruvoyltetrahydropterin synthase(PTS)
ING1	3621	Homo sapiens	inhibitor of growth family member 1(ING1)
TINF2	26277	Homo sapiens	TERF1 interacting nuclear factor 2(TINF2)
MYOC	4653	Homo sapiens	myocilin(MYOC)
INF2	64423	Homo sapiens	inverted formin, FH2 and WH2 domain containing(INF2)
ERF	2077	Homo sapiens	ETS2 repressor factor(ERF)
MSH6	2956	Homo sapiens	mutS homolog 6(MSH6)
PTPRD	5789	Homo sapiens	protein tyrosine phosphatase, receptor type D(PTPRD)
ERG	2078	Homo sapiens	ERG, ETS transcription factor(ERG)
LIPA	3988	Homo sapiens	lipase A, lysosomal acid type(LIPA)
DNM1L	10059	Homo sapiens	dynamin 1 like(DNM1L)
TNXB	7148	Homo sapiens	tenascin XB(TNXB)
MSH2	4436	Homo sapiens	mutS homolog 2(MSH2)
SLC10A2	6555	Homo sapiens	solute carrier family 10 member 2(SLC10A2)
CENPJ	55835	Homo sapiens	centromere protein J(CENPJ)
NDUFA1	4694	Homo sapiens	NADH:ubiquinone oxidoreductase subunit A1(NDUFA1)
DIS3	22894	Homo sapiens	DIS3 homolog, exosome endoribonuclease and 3'-5' exoribonuclease(DIS3)
SLC17A8	246213	Homo sapiens	solute carrier family 17 member 8(SLC17A8)
RNF43	54894	Homo sapiens	ring finger protein 43(RNF43)
CASP10	843	Homo sapiens	caspase 10(CASP10)
SLC17A5	26503	Homo sapiens	solute carrier family 17 member 5(SLC17A5)
L2HGDH	79944	Homo sapiens	L-2-hydroxyglutarate dehydrogenase(L2HGDH)
SLC6A8	6535	Homo sapiens	solute carrier family 6 member 8(SLC6A8)
TDP1	55775	Homo sapiens	tyrosyl-DNA phosphodiesterase 1(TDP1)
SLC6A5	9152	Homo sapiens	solute carrier family 6 member 5(SLC6A5)
SUMF1	285362	Homo sapiens	sulfatase modifying factor 1(SUMF1)
LIPH	200879	Homo sapiens	lipase H(LIPH)
LIPI	149998	Homo sapiens	lipase I(LIPI)
SETD2	29072	Homo sapiens	SET domain containing 2(SETD2)